-1,-1,-1,-1,-1,-1,-1,-1,-1,-1,-1,-1,-1,-1,-1,-1,-1,-1,-1,-1,-1,-1,-1,-1,-1,-1,-1,-1,-1,-1,-1,-1,-1,-1,-1,-1,-1,-1,-1,-1,-1,-1,-1,-1,-1,-1,-1,-1,-1,-1,-1,-1,-1,-1,-1,-1,-1,-1,-1,-1,-1,-1,-1,-1,-1,-1,-1,-1,-1,-1,-1,-1,-1,-1,-1,-1,-1,-1,-1,-1,-1,-1,-1,-1,-1,-1,-1,-1,-1,-1,-1,-1,-1,-1,-1,-1,-1,-1,-1,-1,-1,-1,-1,-1,-1,-1,-1,-1,-1,-1,-1,-1,-1,-1,-1,-1,-1,-1,-1,-1,-1,-1,-1,-1,-1,-1,-1,-1,-1,-1,-1,-1,-1,-1,-1,-1,-1,-1,3983,3984,3985,3986,3987,3988,3989,3983,3984,3985,3986,3987,3988,3989,3990,3983,3984,3985,3986,3987,3988,3989,3990,3991,3983,3983,3984,3985,3986,3987,3988,3989,3990,3991,3992,3983,3984,3985,3986,3987,3988,3989,3990,3991,3983,3984,3985,3986,3987,3988,3989,3990,3991,4640,4641
-1,-1,-1,-1,-1,-1,-1,-1,-1,-1,-1,-1,-1,-1,-1,-1,-1,-1,-1,-1,-1,-1,-1,-1,-1,-1,-1,-1,-1,-1,-1,-1,-1,-1,-1,-1,-1,-1,-1,-1,-1,-1,-1,-1,-1,-1,-1,-1,-1,-1,-1,-1,-1,-1,-1,-1,-1,-1,-1,-1,-1,-1,-1,-1,-1,-1,-1,-1,-1,-1,-1,-1,-1,-1,-1,-1,-1,-1,-1,-1,-1,-1,-1,-1,-1,-1,-1,-1,-1,-1,-1,-1,-1,-1,-1,-1,-1,-1,-1,-1,-1,-1,-1,-1,-1,-1,-1,-1,-1,-1,-1,-1,-1,-1,-1,-1,-1,-1,-1,-1,-1,-1,-1,-1,-1,-1,-1,-1,-1,-1,-1,-1,-1,-1,-1,-1,-1,-1,4111,4112,4113,4114,4115,4116,4117,4111,4112,4113,4114,4115,4116,4117,4118,4111,4112,4113,4114,4115,4116,4117,4118,4119,4111,4111,4112,4113,4114,4115,4116,4117,4118,4119,4120,4111,4112,4113,4114,4115,4116,4117,4118,4119,4111,4112,4113,4114,4115,4116,4117,4118,4119,4768,4769
-1,-1,-1,-1,-1,-1,-1,-1,-1,-1,-1,-1,-1,-1,-1,-1,-1,-1,-1,-1,-1,-1,-1,-1,-1,-1,-1,-1,-1,-1,-1,-1,-1,-1,-1,-1,-1,-1,-1,-1,-1,-1,-1,-1,-1,-1,-1,-1,-1,-1,-1,-1,-1,-1,-1,-1,-1,-1,-1,-1,-1,-1,-1,-1,-1,-1,-1,-1,-1,-1,-1,-1,-1,-1,-1,-1,-1,-1,-1,-1,-1,-1,-1,-1,-1,-1,-1,-1,-1,-1,-1,-1,-1,-1,-1,-1,-1,-1,-1,-1,-1,-1,-1,-1,-1,-1,-1,-1,-1,-1,-1,-1,-1,-1,-1,-1,-1,-1,-1,-1,-1,-1,-1,-1,-1,-1,-1,-1,-1,-1,-1,-1,-1,-1,-1,-1,-1,-1,4874,4875,3787,3788,3789,3790,3791,3792,3784,3785,3786,3787,3788,3789,3790,3791,3792,3784,3785,3786,3787,3788,3789,3790,3791,3792,3784,3785,3786,3787,3788,3789,3790,3791,3792,3784,3785,3786,3787,3788,3789,3790,3791,3792,3784,3785,3786,3787,3788,3789,3790,3791,3792,4896,4897
-1,-1,-1,-1,-1,-1,-1,-1,-1,-1,-1,-1,-1,-1,-1,-1,-1,-1,-1,-1,-1,-1,-1,-1,-1,-1,-1,-1,-1,-1,-1,-1,-1,-1,-1,-1,-1,-1,-1,-1,-1,-1,-1,-1,-1,-1,-1,-1,-1,-1,-1,-1,-1,-1,-1,-1,-1,-1,-1,-1,-1,-1,-1,-1,-1,-1,-1,-1,-1,-1,-1,-1,-1,-1,-1,-1,-1,-1,-1,-1,-1,-1,-1,-1,-1,-1,-1,-1,-1,-1,-1,-1,-1,-1,-1,-1,-1,-1,-1,-1,-1,-1,-1,-1,-1,-1,-1,-1,-1,-1,-1,-1,-1,-1,-1,-1,-1,-1,-1,-1,-1,-1,-1,-1,-1,-1,-1,-1,-1,-1,-1,-1,-1,-1,-1,-1,-1,-1,5002,5003,3915,3916,3917,3918,3919,3920,3912,3913,3914,3915,3916,3917,3918,3919,3920,3912,3913,3914,3915,3916,3917,3918,3919,3920,3912,3913,3914,3915,3916,3917,3918,3919,3920,3912,3913,3914,3915,3916,3917,3918,3919,3920,3912,3913,3914,3915,3916,3917,3918,3919,3920,5024,5025
-1,-1,-1,-1,-1,-1,-1,-1,-1,-1,-1,-1,-1,-1,-1,-1,-1,-1,-1,-1,-1,-1,-1,-1,-1,-1,-1,-1,-1,-1,-1,-1,-1,-1,-1,-1,-1,-1,-1,-1,-1,-1,-1,-1,-1,-1,-1,-1,-1,-1,-1,-1,-1,-1,-1,-1,-1,-1,-1,-1,-1,-1,-1,-1,-1,-1,-1,-1,-1,-1,-1,-1,-1,-1,-1,-1,-1,-1,-1,-1,-1,-1,-1,-1,-1,-1,-1,-1,-1,-1,-1,-1,-1,-1,-1,-1,-1,-1,-1,-1,-1,-1,-1,-1,-1,-1,-1,-1,-1,-1,-1,-1,-1,-1,-1,-1,-1,-1,-1,-1,-1,-1,-1,-1,-1,-1,-1,-1,-1,-1,-1,-1,-1,-1,-1,-1,-1,-1,5130,5131,4043,4044,4045,4046,4047,4048,4040,4041,4042,4043,4044,4045,4046,4047,4048,4040,4041,4042,4043,4044,4045,4046,4047,4048,4040,4041,4042,4043,4044,4045,4046,4047,4048,4040,4041,4042,4043,4044,4045,4046,4047,4048,4040,4041,4042,4043,4044,4045,4046,4047,4048,5152,5153
-1,-1,-1,-1,-1,-1,-1,-1,-1,-1,-1,-1,-1,-1,-1,-1,-1,-1,-1,-1,-1,-1,-1,-1,-1,-1,-1,-1,-1,-1,-1,-1,-1,-1,-1,-1,-1,-1,-1,-1,-1,-1,-1,-1,-1,-1,-1,-1,-1,-1,-1,-1,-1,-1,-1,-1,-1,-1,-1,-1,-1,-1,-1,-1,-1,-1,-1,-1,-1,-1,-1,-1,-1,-1,-1,-1,-1,-1,-1,-1,-1,-1,-1,-1,-1,-1,-1,-1,-1,-1,-1,-1,-1,-1,-1,-1,-1,-1,-1,-1,-1,-1,-1,-1,-1,-1,-1,-1,-1,-1,-1,-1,-1,-1,-1,-1,-1,-1,-1,-1,-1,-1,-1,-1,-1,-1,-1,-1,-1,-1,-1,-1,-1,-1,-1,-1,-1,-1,5258,5259,4171,4172,4173,4174,4175,4176,4168,4169,4170,4171,4172,4173,4174,4175,4176,4168,4169,4170,4171,4172,4173,4174,4175,4176,4168,4169,4170,4171,4172,4173,4174,4175,4176,4168,4169,4170,4171,4172,4173,4174,4175,4176,4168,4169,4170,4171,4172,4173,4174,4175,4176,5280,5281
-1,-1,-1,-1,-1,-1,-1,-1,-1,-1,-1,-1,-1,-1,-1,-1,-1,-1,-1,-1,-1,-1,-1,-1,-1,-1,-1,-1,-1,-1,-1,-1,-1,-1,-1,-1,-1,-1,-1,-1,-1,-1,-1,-1,-1,-1,-1,-1,-1,-1,-1,-1,-1,-1,-1,-1,-1,-1,-1,-1,-1,-1,-1,-1,-1,-1,-1,-1,-1,-1,-1,-1,-1,-1,-1,-1,-1,-1,-1,-1,-1,-1,-1,-1,-1,-1,-1,-1,-1,-1,-1,-1,-1,-1,-1,-1,-1,-1,-1,-1,-1,-1,-1,-1,-1,-1,-1,-1,-1,-1,-1,-1,-1,-1,-1,-1,-1,-1,-1,-1,-1,-1,-1,-1,-1,-1,-1,-1,-1,-1,-1,-1,-1,-1,-1,-1,-1,-1,5386,5387,4299,4300,4301,4302,4303,4304,4296,4297,4298,4299,4300,4301,4302,4303,4304,4296,4297,4298,4299,4300,4301,4302,4303,4304,4296,4297,4298,4299,4300,4301,4302,4303,4304,4296,4297,4298,4299,4300,4301,4302,4303,4304,4296,4297,4298,4299,4300,4301,4302,4303,4304,5408,5409
-1,-1,-1,-1,-1,-1,-1,-1,-1,-1,-1,-1,-1,-1,-1,-1,-1,-1,-1,-1,-1,-1,-1,-1,-1,-1,-1,-1,-1,-1,-1,-1,-1,-1,-1,-1,-1,-1,-1,-1,-1,-1,-1,-1,-1,-1,-1,-1,-1,-1,-1,-1,-1,-1,-1,-1,-1,-1,-1,-1,-1,-1,-1,-1,-1,-1,-1,-1,-1,-1,-1,-1,-1,-1,-1,-1,-1,-1,-1,-1,-1,-1,-1,-1,-1,-1,-1,-1,-1,-1,-1,-1,-1,-1,-1,-1,-1,-1,-1,-1,-1,-1,-1,-1,-1,-1,-1,-1,-1,-1,-1,-1,-1,-1,-1,-1,-1,-1,-1,-1,-1,-1,-1,-1,-1,-1,-1,-1,-1,-1,-1,-1,-1,-1,-1,-1,-1,-1,5514,5515,4427,4428,4429,4430,4431,4432,4424,4425,4426,4427,4428,4429,4430,4431,4432,4424,4425,4426,4427,4428,4429,4430,4431,4432,4424,4425,4426,4427,4428,4429,4430,4431,4432,4424,4425,4426,4427,4428,4429,4430,4431,4432,4424,4425,4426,4427,4428,4429,4430,4431,4432,4640,4641
-1,-1,-1,-1,-1,-1,-1,-1,-1,-1,-1,-1,-1,-1,-1,-1,-1,-1,-1,-1,-1,-1,-1,-1,-1,-1,-1,-1,-1,-1,-1,-1,-1,-1,-1,-1,-1,-1,-1,-1,-1,-1,-1,-1,-1,-1,-1,-1,-1,-1,-1,-1,-1,-1,-1,-1,-1,-1,-1,-1,-1,-1,-1,-1,-1,-1,-1,-1,-1,-1,-1,-1,-1,-1,-1,-1,-1,-1,-1,-1,-1,-1,-1,-1,-1,-1,-1,-1,-1,-1,-1,-1,-1,-1,-1,-1,-1,-1,-1,-1,-1,-1,-1,-1,-1,-1,-1,-1,-1,-1,-1,-1,-1,-1,-1,-1,-1,-1,-1,-1,-1,-1,-1,-1,-1,-1,-1,-1,-1,-1,-1,-1,-1,-1,-1,-1,-1,-1,4874,4875,4555,4556,4557,4558,4559,4560,4552,4553,4554,4555,4556,4557,4558,4559,4560,4552,4553,4554,4555,4556,4557,4558,4559,4560,4552,4553,4554,4555,4556,4557,4558,4559,4560,4552,4553,4554,4555,4556,4557,4558,4559,4560,4552,4553,4554,4555,4556,4557,4558,4559,4560,4768,4769
-1,-1,-1,-1,-1,-1,-1,-1,-1,-1,-1,-1,-1,-1,-1,-1,-1,-1,-1,-1,-1,-1,-1,-1,-1,-1,-1,-1,-1,-1,-1,-1,-1,-1,-1,-1,-1,-1,-1,-1,-1,-1,-1,-1,-1,-1,-1,-1,-1,-1,-1,-1,-1,-1,-1,-1,-1,-1,-1,-1,-1,-1,-1,-1,-1,-1,-1,-1,-1,-1,-1,-1,-1,-1,-1,-1,-1,-1,-1,-1,-1,-1,-1,-1,-1,-1,-1,-1,-1,-1,-1,-1,-1,-1,-1,-1,-1,-1,-1,-1,-1,-1,-1,-1,-1,-1,-1,-1,-1,-1,-1,-1,-1,-1,-1,-1,-1,-1,-1,-1,-1,-1,-1,-1,-1,-1,-1,-1,-1,-1,-1,-1,-1,-1,-1,-1,-1,-1,5002,5003,3787,3788,3789,3790,3791,3792,3784,3785,3786,3787,3788,3789,3790,3791,3792,3784,3785,3786,3787,3788,3789,3790,3791,3792,3784,3785,3786,3787,3788,3789,3790,3791,3792,3784,3785,3786,3787,3788,3789,3790,3791,3792,3784,3785,3786,3787,3788,3789,3790,3791,3792,4896,4897
-1,-1,-1,-1,-1,-1,-1,-1,-1,-1,-1,-1,-1,-1,-1,-1,-1,-1,-1,-1,-1,-1,-1,-1,-1,-1,-1,-1,-1,-1,-1,-1,-1,-1,-1,-1,-1,-1,-1,-1,-1,-1,-1,-1,-1,-1,-1,-1,-1,-1,-1,-1,-1,-1,-1,-1,-1,-1,-1,-1,-1,-1,-1,-1,-1,-1,-1,-1,-1,-1,-1,-1,-1,-1,-1,-1,-1,-1,-1,-1,-1,-1,-1,-1,-1,-1,-1,-1,-1,-1,-1,-1,-1,-1,-1,-1,-1,-1,-1,-1,-1,-1,-1,-1,-1,-1,-1,-1,-1,-1,-1,-1,-1,-1,-1,-1,-1,-1,-1,-1,-1,-1,-1,-1,-1,-1,-1,-1,-1,-1,-1,-1,-1,-1,-1,-1,-1,-1,5130,5131,3915,3916,3917,3918,3919,3920,3912,3913,3914,3915,3916,3917,3918,3919,3920,3912,3913,3914,3915,3916,3917,3918,3919,3920,3912,3913,3914,3915,3916,3917,3918,3919,3920,3912,3913,3914,3915,3916,3917,3918,3919,3920,3912,3913,3914,3915,3916,3917,3918,3919,3920,5024,5025
-1,-1,-1,-1,-1,-1,-1,-1,-1,-1,-1,-1,-1,-1,-1,-1,-1,-1,-1,-1,-1,-1,-1,-1,-1,-1,-1,-1,-1,-1,-1,-1,-1,-1,-1,-1,-1,-1,-1,-1,-1,-1,-1,-1,-1,-1,-1,-1,-1,-1,-1,-1,-1,-1,-1,-1,-1,-1,-1,-1,-1,-1,-1,-1,-1,-1,-1,-1,-1,-1,-1,-1,-1,-1,-1,-1,-1,-1,-1,-1,-1,-1,-1,-1,-1,-1,-1,-1,-1,-1,-1,-1,-1,-1,-1,-1,-1,-1,-1,-1,-1,-1,-1,-1,-1,-1,-1,-1,-1,-1,-1,-1,-1,-1,-1,-1,-1,-1,-1,-1,-1,-1,-1,-1,-1,-1,-1,-1,-1,-1,-1,-1,-1,-1,-1,-1,-1,-1,5258,5259,4043,4044,4045,4046,4047,4048,4040,4041,4042,4043,4044,4045,4046,4047,4048,4040,5389,5390,5391,5392,5393,5394,5395,5396,5397,5398,5389,5390,5391,5392,5393,5394,5389,5390,5391,5392,5393,5394,5395,5396,5397,5398,5399,4041,4042,4043,4044,4045,4046,4047,4048,5152,5153
-1,-1,-1,-1,-1,-1,-1,-1,-1,-1,-1,-1,-1,-1,-1,-1,-1,-1,-1,-1,-1,-1,-1,-1,-1,-1,-1,-1,-1,-1,-1,-1,-1,-1,-1,-1,-1,-1,-1,-1,-1,-1,-1,-1,-1,-1,-1,-1,-1,-1,-1,-1,-1,-1,-1,-1,-1,-1,-1,-1,-1,-1,-1,-1,-1,-1,-1,-1,-1,-1,-1,-1,-1,-1,-1,-1,-1,-1,-1,-1,-1,-1,-1,-1,-1,-1,-1,-1,-1,-1,-1,-1,-1,-1,-1,-1,-1,-1,-1,-1,-1,-1,-1,-1,-1,-1,-1,-1,-1,-1,-1,-1,-1,-1,-1,-1,-1,-1,-1,-1,-1,-1,-1,-1,-1,-1,-1,-1,-1,-1,-1,-1,-1,-1,-1,-1,-1,-1,5386,5387,4171,4172,4173,4174,4175,4176,4168,4169,4170,4171,4172,4173,4174,4175,4176,4168,5517,5518,5519,5520,5521,5522,5523,5524,5525,5526,5517,5518,5519,5520,5521,5522,5517,5518,5519,5520,5521,5522,5523,5524,5525,5526,5527,4169,4170,4171,4172,4173,4174,4175,4176,5280,5281
-1,-1,-1,-1,-1,-1,-1,-1,-1,-1,-1,-1,-1,-1,-1,-1,-1,-1,-1,-1,-1,-1,-1,-1,-1,-1,-1,-1,-1,-1,-1,-1,-1,-1,-1,-1,-1,-1,-1,-1,-1,-1,-1,-1,-1,-1,-1,-1,-1,-1,-1,-1,-1,-1,-1,-1,-1,-1,-1,-1,-1,-1,-1,-1,-1,-1,-1,-1,-1,-1,-1,-1,-1,-1,-1,-1,-1,-1,-1,-1,-1,-1,-1,-1,-1,-1,-1,-1,-1,-1,-1,-1,-1,-1,-1,-1,-1,-1,-1,-1,-1,-1,-1,-1,-1,-1,-1,-1,-1,-1,-1,-1,-1,-1,-1,-1,-1,-1,-1,-1,-1,-1,-1,-1,-1,-1,-1,-1,-1,-1,-1,-1,-1,-1,-1,-1,-1,-1,5514,5515,4299,4300,4301,4302,4303,4304,4296,4297,4298,4299,4300,4301,4302,4303,4304,4296,4297,4298,4299,4300,4301,4302,4303,4304,4296,4297,4298,4299,4300,4301,4302,4303,4304,4296,4297,4298,4299,4300,4301,4302,4303,4304,4296,4297,4298,4299,4300,4301,4302,4303,4304,4640,4641
-1,-1,-1,-1,-1,-1,-1,-1,-1,-1,-1,-1,-1,-1,-1,-1,-1,-1,-1,-1,-1,-1,-1,-1,-1,-1,-1,-1,-1,-1,-1,-1,-1,-1,-1,-1,-1,-1,-1,-1,-1,-1,-1,-1,-1,-1,-1,-1,-1,-1,-1,-1,-1,-1,-1,-1,-1,-1,-1,-1,-1,-1,-1,-1,-1,-1,-1,-1,-1,-1,-1,-1,-1,-1,-1,-1,-1,-1,-1,-1,-1,-1,-1,-1,-1,-1,-1,-1,-1,-1,-1,-1,-1,-1,-1,-1,-1,-1,-1,-1,-1,-1,-1,-1,-1,-1,-1,-1,-1,-1,-1,-1,-1,-1,-1,-1,-1,-1,-1,-1,-1,-1,-1,-1,-1,-1,-1,-1,-1,-1,-1,-1,-1,-1,-1,-1,-1,-1,4874,4875,4427,4428,4429,4430,4431,4432,4424,4425,4426,4427,4428,4429,4430,4431,4432,4424,4425,4426,4427,4428,4429,4430,4431,4432,4424,4425,4426,4427,4428,4429,4430,4431,4432,4424,4425,4426,4427,4428,4429,4430,4431,4432,4424,4425,4426,4427,4428,4429,4430,4431,4432,4768,4769
-1,-1,-1,-1,-1,-1,-1,-1,-1,-1,-1,-1,-1,-1,-1,-1,-1,-1,-1,-1,-1,-1,-1,-1,-1,-1,-1,-1,-1,-1,-1,-1,-1,-1,-1,-1,-1,-1,-1,-1,-1,-1,-1,-1,-1,-1,-1,-1,-1,-1,-1,-1,-1,-1,-1,-1,-1,-1,-1,-1,-1,-1,-1,-1,-1,-1,-1,-1,-1,-1,-1,-1,-1,-1,-1,-1,-1,-1,-1,-1,-1,-1,-1,-1,-1,-1,-1,-1,-1,-1,-1,-1,-1,-1,-1,-1,-1,-1,-1,-1,-1,-1,-1,-1,-1,-1,-1,-1,-1,-1,-1,-1,-1,-1,-1,-1,-1,-1,-1,-1,-1,-1,-1,-1,-1,-1,-1,-1,-1,-1,-1,-1,-1,-1,-1,-1,-1,-1,5002,5003,4555,4556,4557,4558,4559,4560,4552,4553,4554,4555,4556,4557,4558,4559,4560,4552,4553,4554,4555,4556,4557,4558,4559,4560,4552,4553,4554,4555,4556,4557,4558,4559,4560,4552,4553,4554,4555,4556,4557,4558,4559,4560,4552,4553,4554,4555,4556,4557,4558,4559,4560,4896,4897
-1,-1,-1,-1,-1,-1,-1,-1,-1,-1,-1,-1,-1,-1,-1,-1,-1,-1,-1,-1,-1,-1,-1,-1,-1,-1,-1,-1,-1,-1,-1,-1,-1,-1,-1,-1,-1,-1,-1,-1,-1,-1,-1,-1,-1,-1,-1,-1,-1,-1,-1,-1,-1,-1,-1,-1,-1,-1,-1,-1,-1,-1,-1,-1,-1,-1,-1,-1,-1,-1,-1,-1,-1,-1,-1,-1,-1,-1,-1,-1,-1,-1,-1,-1,-1,-1,-1,-1,-1,-1,-1,-1,-1,-1,-1,-1,-1,-1,-1,-1,-1,-1,-1,-1,-1,-1,-1,-1,-1,-1,-1,-1,-1,-1,-1,-1,-1,-1,-1,-1,-1,-1,-1,-1,-1,-1,-1,-1,-1,-1,-1,-1,-1,-1,-1,-1,-1,-1,5130,5131,3787,3788,3789,3790,3791,3792,3784,3785,3786,3787,3788,3789,3790,3791,3792,3784,3785,3786,3787,3788,3789,3790,3791,3792,3784,3785,3786,3787,3788,3789,3790,3791,3792,3784,3785,3786,3787,3788,3789,3790,3791,3792,3784,3785,3786,3787,3788,3789,3790,3791,3792,5024,5025
-1,-1,-1,-1,-1,-1,-1,-1,-1,-1,-1,-1,-1,-1,-1,-1,-1,-1,-1,-1,-1,-1,-1,-1,-1,-1,-1,-1,-1,-1,-1,-1,-1,-1,-1,-1,-1,-1,-1,-1,-1,-1,-1,-1,-1,-1,-1,-1,-1,-1,-1,-1,-1,-1,-1,-1,-1,-1,-1,-1,-1,-1,-1,-1,-1,-1,-1,-1,-1,-1,-1,-1,-1,-1,-1,-1,-1,-1,-1,-1,-1,-1,-1,-1,-1,-1,-1,-1,-1,-1,-1,-1,-1,-1,-1,-1,-1,-1,-1,-1,-1,-1,-1,-1,-1,-1,-1,-1,-1,-1,-1,-1,-1,-1,-1,-1,-1,-1,-1,-1,-1,-1,-1,-1,-1,-1,-1,-1,-1,-1,-1,-1,-1,-1,-1,-1,-1,-1,5258,5259,3915,3916,3917,3918,3919,3920,3912,3913,3914,3915,5389,5390,5391,5392,5393,5394,3913,3914,3915,3916,3917,3918,3919,3920,3912,3913,3914,3915,3916,3917,3918,3919,3920,3912,3913,3914,3915,3916,3917,3918,3919,3920,3912,3913,3914,3915,3916,3917,3918,3919,3920,5152,5153
-1,-1,-1,-1,-1,-1,-1,-1,-1,-1,-1,-1,-1,-1,-1,-1,-1,-1,-1,-1,-1,-1,-1,-1,-1,-1,-1,-1,-1,-1,-1,-1,-1,-1,-1,-1,-1,-1,-1,-1,-1,-1,-1,-1,-1,-1,-1,-1,-1,-1,-1,-1,-1,-1,-1,-1,-1,-1,-1,-1,-1,-1,-1,-1,-1,-1,-1,-1,-1,-1,-1,-1,-1,-1,-1,-1,-1,-1,-1,-1,-1,-1,-1,-1,-1,-1,-1,-1,-1,-1,-1,-1,-1,-1,-1,-1,-1,-1,-1,-1,-1,-1,-1,-1,-1,-1,-1,-1,-1,-1,-1,-1,-1,-1,-1,-1,-1,-1,-1,-1,-1,-1,-1,-1,-1,-1,-1,-1,-1,-1,-1,-1,-1,-1,-1,-1,-1,-1,5386,5387,4043,4044,4045,4046,4047,4048,4040,4041,4042,4043,4044,4045,4046,4047,4048,4040,4041,4042,4043,4044,4045,4046,4047,4048,4040,4041,4042,4043,4044,4045,4046,4047,4048,4040,4041,4042,4043,4044,4045,4046,4047,4048,4040,4041,4042,4043,4044,4045,4046,4047,4048,5280,5281
-1,-1,-1,-1,-1,-1,-1,-1,-1,-1,-1,-1,-1,-1,-1,-1,-1,-1,-1,-1,-1,-1,-1,-1,-1,-1,-1,-1,-1,-1,-1,-1,-1,-1,-1,-1,-1,-1,-1,-1,-1,-1,-1,-1,-1,-1,-1,-1,-1,-1,-1,-1,-1,-1,-1,-1,-1,-1,-1,-1,-1,-1,-1,-1,-1,-1,-1,-1,-1,-1,-1,-1,-1,-1,-1,-1,-1,-1,-1,-1,-1,-1,-1,-1,-1,-1,-1,-1,-1,-1,-1,-1,-1,-1,-1,-1,-1,-1,-1,-1,-1,-1,-1,-1,-1,-1,-1,-1,-1,-1,-1,-1,-1,-1,-1,-1,-1,-1,-1,-1,-1,-1,-1,-1,-1,-1,-1,-1,-1,-1,-1,-1,-1,-1,-1,-1,-1,-1,5514,5515,4171,4172,4173,4174,4175,4176,4168,4169,4170,4171,4172,4173,4174,4175,4176,4168,4169,4170,4171,4172,4173,4174,4175,4176,4168,4169,4170,4171,4172,4173,4174,4175,4176,4168,4169,4170,4171,4172,4173,4174,4175,4176,4168,4169,4170,4171,4172,4173,4174,4175,4176,5408,5409
-1,-1,-1,-1,-1,-1,-1,-1,-1,-1,-1,-1,-1,-1,-1,-1,-1,-1,-1,-1,-1,-1,-1,-1,-1,-1,-1,-1,-1,-1,-1,-1,-1,-1,-1,-1,-1,-1,-1,-1,-1,-1,-1,-1,-1,-1,-1,-1,-1,-1,-1,-1,-1,-1,-1,-1,-1,-1,-1,-1,-1,-1,-1,-1,-1,-1,-1,-1,-1,-1,-1,-1,-1,-1,-1,-1,-1,-1,-1,-1,-1,-1,-1,-1,-1,-1,-1,-1,-1,-1,-1,-1,-1,-1,-1,-1,-1,-1,-1,-1,-1,-1,-1,-1,-1,-1,-1,-1,-1,-1,-1,-1,-1,-1,-1,-1,-1,-1,-1,-1,-1,-1,-1,-1,-1,-1,-1,-1,-1,-1,-1,-1,-1,-1,-1,-1,-1,-1,5386,5387,4299,4300,4301,4302,4303,4304,4296,4297,4298,4299,4300,4301,4302,4303,4304,4296,4297,4298,4299,4300,4301,4302,4303,4304,4296,4297,4298,4299,4300,4301,4302,4303,4304,4296,4297,4298,4299,4300,4301,4302,4303,4304,4296,4297,4298,4299,4300,4301,4302,4303,4304,4640,4641
-1,-1,-1,-1,-1,-1,-1,-1,-1,-1,-1,-1,-1,-1,-1,-1,-1,-1,-1,-1,-1,-1,-1,-1,-1,-1,-1,-1,-1,-1,-1,-1,-1,-1,-1,-1,-1,-1,-1,-1,-1,-1,-1,-1,-1,-1,-1,-1,-1,-1,-1,-1,-1,-1,-1,-1,-1,-1,-1,-1,-1,-1,-1,-1,-1,-1,-1,-1,-1,-1,-1,-1,-1,-1,-1,-1,-1,-1,-1,-1,-1,-1,-1,-1,-1,-1,-1,-1,-1,-1,-1,-1,-1,-1,-1,-1,-1,-1,-1,-1,-1,-1,-1,-1,-1,-1,-1,-1,-1,-1,-1,-1,-1,-1,-1,-1,-1,-1,-1,-1,-1,-1,-1,-1,-1,-1,-1,-1,-1,-1,-1,-1,-1,-1,-1,-1,-1,-1,5514,5515,4427,4428,4429,4430,4431,4432,4424,4425,4426,4427,4428,4429,4430,4431,4432,4424,5389,5390,5391,5392,5393,5394,4431,4432,4424,4425,4426,4427,4428,4429,4430,4431,4432,4424,4425,4426,4427,4428,4429,4430,4431,4432,4424,4425,4426,4427,4428,4429,4430,4431,4432,4768,4769
-1,-1,-1,-1,-1,-1,-1,-1,-1,-1,-1,-1,-1,-1,-1,-1,-1,-1,-1,-1,-1,-1,-1,-1,-1,-1,-1,-1,-1,-1,-1,-1,-1,-1,-1,-1,-1,-1,-1,-1,-1,-1,-1,-1,-1,-1,-1,-1,-1,-1,-1,-1,-1,-1,-1,-1,-1,-1,-1,-1,-1,-1,-1,-1,-1,-1,-1,-1,-1,-1,-1,-1,-1,-1,-1,-1,-1,-1,-1,-1,-1,-1,-1,-1,-1,-1,-1,-1,-1,-1,-1,-1,-1,-1,-1,-1,-1,-1,-1,-1,-1,-1,-1,-1,-1,-1,-1,-1,-1,-1,-1,-1,-1,-1,-1,-1,-1,-1,-1,-1,-1,-1,-1,-1,-1,-1,-1,-1,-1,-1,-1,-1,-1,-1,-1,-1,-1,-1,4874,4875,4555,4556,4557,4558,4559,4560,4552,4553,4554,4555,4556,4557,4558,4559,4560,4552,4553,4554,4555,4556,4557,4558,4559,4560,4552,4553,4554,4555,4556,4557,4558,4559,4560,4552,4553,4554,4555,4556,4557,4558,4559,4560,4552,4553,4554,4555,4556,4557,4558,4559,4560,4896,4897
-1,-1,-1,-1,-1,-1,-1,-1,-1,-1,-1,-1,-1,-1,-1,-1,-1,-1,-1,-1,-1,-1,-1,-1,-1,-1,-1,-1,-1,-1,-1,-1,-1,-1,-1,-1,-1,-1,-1,-1,-1,-1,-1,-1,-1,-1,-1,-1,-1,-1,-1,-1,-1,-1,-1,-1,-1,-1,-1,-1,-1,-1,-1,-1,-1,-1,-1,-1,-1,-1,-1,-1,-1,-1,-1,-1,-1,-1,-1,-1,-1,-1,-1,-1,-1,-1,-1,-1,-1,-1,-1,-1,-1,-1,-1,-1,-1,-1,-1,-1,-1,-1,-1,-1,-1,-1,-1,-1,-1,-1,-1,-1,-1,-1,-1,-1,-1,-1,-1,-1,-1,-1,-1,-1,-1,-1,-1,-1,-1,-1,-1,-1,-1,-1,-1,-1,-1,-1,5002,5003,3787,3788,3789,3790,3791,3792,3784,3785,3786,3787,3788,3789,3790,3791,3792,3784,3785,3786,3787,3788,3789,3790,3791,3792,3784,3785,3786,3787,3788,3789,3790,3791,3792,3784,3785,3786,3787,3788,3789,3790,3791,3792,3784,3785,3786,3787,3788,3789,3790,3791,3792,5024,5025
-1,-1,-1,-1,-1,-1,-1,-1,-1,-1,-1,-1,-1,-1,-1,-1,-1,-1,-1,-1,-1,-1,-1,-1,-1,-1,-1,-1,-1,-1,-1,-1,-1,-1,-1,-1,-1,-1,-1,-1,-1,-1,-1,-1,-1,-1,-1,-1,-1,-1,-1,-1,-1,-1,-1,-1,-1,-1,-1,-1,-1,-1,-1,-1,-1,-1,-1,-1,-1,-1,-1,-1,-1,-1,-1,-1,-1,-1,-1,-1,-1,-1,-1,-1,-1,-1,-1,-1,-1,-1,-1,-1,-1,-1,-1,-1,-1,-1,-1,-1,-1,-1,-1,-1,-1,-1,-1,-1,-1,-1,-1,-1,-1,-1,-1,-1,-1,-1,-1,-1,-1,-1,-1,-1,-1,-1,-1,-1,-1,-1,-1,-1,-1,-1,-1,-1,-1,-1,5130,5131,3915,3916,3917,3918,3919,3920,3912,3913,3914,3915,3916,3917,3918,3919,3920,3912,3913,3914,3915,3916,3917,3918,3919,3920,3912,3913,3914,3915,3916,3917,3918,3919,3920,3912,3913,3914,3915,3916,3917,3918,3919,3920,3912,3913,3914,3915,3916,3917,3918,3919,3920,5152,5153
-1,-1,-1,-1,-1,-1,-1,-1,-1,-1,-1,-1,-1,-1,-1,-1,-1,-1,-1,-1,-1,-1,-1,-1,-1,-1,-1,-1,-1,-1,-1,-1,-1,-1,-1,-1,-1,-1,-1,-1,-1,-1,-1,-1,-1,-1,-1,-1,-1,-1,-1,-1,-1,-1,-1,-1,-1,-1,-1,-1,-1,-1,-1,-1,-1,-1,-1,-1,-1,-1,-1,-1,-1,-1,-1,-1,-1,-1,-1,-1,-1,-1,-1,-1,-1,-1,-1,-1,-1,-1,-1,-1,-1,-1,-1,-1,-1,-1,-1,-1,-1,-1,-1,-1,-1,-1,-1,-1,-1,-1,-1,-1,-1,-1,-1,-1,-1,-1,-1,-1,-1,-1,-1,-1,-1,-1,-1,-1,-1,-1,-1,-1,-1,-1,-1,-1,-1,-1,5258,5259,4043,4044,4045,4046,4047,4048,4040,4041,4042,4043,4044,4045,4046,4047,4048,4040,4041,4042,4043,4044,4045,4046,4047,5389,5390,5391,5392,5393,5394,5395,5396,5397,5398,5389,5390,5391,5392,5393,5394,5395,5396,5397,5398,5399,4042,4043,4044,4045,4046,4047,4048,4640,4641
-1,-1,-1,-1,-1,-1,-1,-1,-1,-1,-1,-1,-1,-1,-1,-1,-1,-1,-1,-1,-1,-1,-1,-1,-1,-1,-1,-1,-1,-1,-1,-1,-1,-1,-1,-1,-1,-1,-1,-1,-1,-1,-1,-1,-1,-1,-1,-1,-1,-1,-1,-1,-1,-1,-1,-1,-1,-1,-1,-1,-1,-1,-1,-1,-1,-1,-1,-1,-1,-1,-1,-1,-1,-1,-1,-1,-1,-1,-1,-1,-1,-1,-1,-1,-1,-1,-1,-1,-1,-1,-1,-1,-1,-1,-1,-1,-1,-1,-1,-1,-1,-1,-1,-1,-1,-1,-1,-1,-1,-1,-1,-1,-1,-1,-1,-1,-1,-1,-1,-1,-1,-1,-1,-1,-1,-1,-1,-1,-1,-1,-1,-1,-1,-1,-1,-1,-1,-1,5386,5387,4171,4172,4173,4174,4175,4176,4168,4169,4170,4171,4172,4173,4174,4175,4176,4168,4169,4170,4171,4172,4173,4174,4175,5517,5518,5519,5520,5521,5522,5523,5524,5525,5526,5517,5518,5519,5520,5521,5522,5523,5524,5525,5526,5527,4170,4171,4172,4173,4174,4175,4176,4768,4769
-1,-1,-1,-1,-1,-1,-1,-1,-1,-1,-1,-1,-1,-1,-1,-1,-1,-1,-1,-1,-1,-1,-1,-1,-1,-1,-1,-1,-1,-1,-1,-1,-1,-1,-1,-1,-1,-1,-1,-1,-1,-1,-1,-1,-1,-1,-1,-1,-1,-1,-1,-1,-1,-1,-1,-1,-1,-1,-1,-1,-1,-1,-1,-1,-1,-1,-1,-1,-1,-1,-1,-1,-1,-1,-1,-1,-1,-1,-1,-1,-1,-1,-1,-1,-1,-1,-1,-1,-1,-1,-1,-1,-1,-1,-1,-1,-1,-1,-1,-1,-1,-1,-1,-1,-1,-1,-1,-1,-1,-1,-1,-1,-1,-1,-1,-1,-1,-1,-1,-1,-1,-1,-1,-1,-1,-1,-1,-1,-1,-1,-1,-1,-1,-1,-1,-1,-1,-1,5514,5515,4299,4300,4301,4302,4303,4304,4296,4297,4298,4299,4300,4301,4302,4303,4304,4296,4297,4298,4299,4300,4301,4302,4303,4304,4296,4297,4298,4299,4300,4301,4302,4303,4304,4296,4297,4298,4299,4300,4301,4302,4303,4304,4296,4297,4298,4299,4300,4301,4302,4303,4304,4896,4897
-1,-1,-1,-1,-1,-1,-1,-1,-1,-1,-1,-1,-1,-1,-1,-1,-1,-1,-1,-1,-1,-1,-1,-1,-1,-1,-1,-1,-1,-1,-1,-1,-1,-1,-1,-1,-1,-1,-1,-1,-1,-1,-1,-1,-1,-1,-1,-1,-1,3983,3984,3985,3986,3987,3988,3989,3990,3991,3983,3984,3985,3986,3987,3988,3989,3990,3991,3992,3993,3983,3984,3985,3986,3987,3988,3989,3990,3991,3983,3984,3985,3986,3987,3988,3989,3990,3991,3992,3983,3984,3985,3986,3987,3988,3989,3990,3991,3992,3983,3983,3984,3985,3986,3987,3988,3983,3984,3985,3986,3987,3988,3989,3990,3991,3983,3983,3984,3985,3986,3987,3988,3989,3983,3984,3985,3986,3987,3988,3989,3983,3984,3985,3986,3987,3988,3989,3990,3991,3992,3993,4427,4428,4429,4430,4431,4432,4424,4425,4426,4427,4428,4429,4430,4431,4432,4424,4425,4426,4427,4428,4429,4430,4431,4432,4424,4425,4426,4427,4428,4429,4430,4431,4432,4424,4425,4426,4427,4428,4429,4430,4431,4432,4424,4425,4426,4427,4428,4429,4430,4431,4432,5024,5025
-1,-1,-1,-1,-1,-1,-1,-1,-1,-1,-1,-1,-1,-1,-1,-1,-1,-1,-1,-1,-1,-1,-1,-1,-1,-1,-1,-1,-1,-1,-1,-1,-1,-1,-1,-1,-1,-1,-1,-1,-1,-1,-1,-1,-1,-1,-1,-1,-1,4111,4112,4113,4114,4115,4116,4117,4118,4119,4111,4112,4113,4114,4115,4116,4117,4118,4119,4120,4121,4111,4112,4113,4114,4115,4116,4117,4118,4119,4111,4112,4113,4114,4115,4116,4117,4118,4119,4120,4111,4112,4113,4114,4115,4116,4117,4118,4119,4120,4111,4111,4112,4113,4114,4115,4116,4111,4112,4113,4114,4115,4116,4117,4118,4119,4111,4111,4112,4113,4114,4115,4116,4117,4111,4112,4113,4114,4115,4116,4117,4111,4112,4113,4114,4115,4116,4117,4118,4119,4120,4121,4555,4556,4557,4558,4559,4560,4552,4553,4554,4555,4556,4557,4558,4559,4560,4552,4553,4554,4555,4556,4557,4558,4559,4560,4552,4553,4554,4555,4556,4557,4558,4559,4560,4552,4553,4554,4555,4556,4557,4558,4559,4560,4552,4553,4554,4555,4556,4557,4558,4559,4560,5152,5153
-1,-1,-1,-1,-1,-1,-1,-1,-1,-1,-1,-1,-1,-1,-1,-1,-1,-1,-1,-1,-1,-1,-1,-1,-1,-1,-1,-1,-1,-1,-1,-1,-1,-1,-1,-1,-1,-1,-1,-1,-1,-1,-1,-1,-1,-1,-1,-1,-1,4874,4875,3788,3789,3790,3791,3792,3784,3785,3786,3787,3788,3789,3790,3791,3792,3784,3785,3786,3787,3788,3789,3790,3791,3792,3784,3785,3786,3787,3788,3789,3790,3791,3792,3784,3785,3786,3787,3788,3789,3790,3791,3792,3784,3785,3786,3787,3788,3789,3790,3791,3792,3784,3785,3786,3787,3788,3789,3790,3791,3792,3784,3785,3786,3787,3788,3789,3790,3791,3792,3784,3785,3786,3787,3788,3789,3790,3791,3792,3784,3785,3786,3787,3788,3789,3790,3791,3792,3784,3785,3786,3787,3788,3789,3790,3791,3792,3784,3785,3786,3787,3788,3789,3790,3791,3792,3784,3785,3786,3787,3788,3789,3790,3791,3792,3784,3785,3786,3787,3788,3789,3790,3791,3792,3784,3785,3786,3787,3788,3789,3790,3791,3792,3784,3785,3786,3787,3788,3789,3790,3791,3792,5280,5281
-1,-1,-1,-1,-1,-1,-1,-1,-1,-1,-1,-1,-1,-1,-1,-1,-1,-1,-1,-1,-1,-1,-1,-1,-1,-1,-1,-1,-1,-1,-1,-1,-1,-1,-1,-1,-1,-1,-1,-1,-1,-1,-1,-1,-1,-1,-1,-1,-1,5002,5003,3916,3917,3918,3919,3920,3912,3913,3914,3915,3916,3917,3918,3919,3920,3912,3913,3914,3915,3916,3917,3918,3919,3920,3912,3913,3914,3915,3916,3917,3918,3919,3920,3912,3913,3914,3915,3916,3917,3918,3919,3920,3912,3913,3914,3915,3916,3917,3918,3919,3920,3912,3913,3914,3915,3916,3917,3918,3919,3920,3912,3913,3914,3915,3916,3917,3918,3919,3920,3912,3913,3914,3915,3916,3917,3918,3919,3920,3912,3913,3914,3915,3916,3917,3918,3919,3920,3912,3913,3914,3915,3916,3917,3918,3919,3920,3912,3913,3914,3915,3916,3917,3918,3919,3920,3912,5389,5390,5391,5392,5393,5394,3919,3920,3912,3913,3914,3915,3916,3917,3918,3919,3920,3912,3913,3914,3915,3916,3917,3918,3919,3920,3912,3913,3914,3915,3916,3917,3918,3919,3920,5408,5409
-1,-1,-1,-1,-1,-1,-1,-1,-1,-1,-1,-1,-1,-1,-1,-1,-1,-1,-1,-1,-1,-1,-1,-1,-1,-1,-1,-1,-1,-1,-1,-1,-1,-1,-1,-1,-1,-1,-1,-1,-1,-1,-1,-1,-1,-1,-1,-1,-1,5130,5131,4044,4045,4046,4047,4048,4040,4041,4042,4043,4044,4045,4046,4047,4048,4040,4041,4042,4043,4044,4045,4046,4047,4048,4040,4041,4042,4043,4044,4045,4046,4047,4048,4040,4041,4042,4043,4044,4045,4046,4047,4048,4040,4041,4042,4043,4044,4045,4046,4047,4048,4040,4041,4042,4043,4044,4045,4046,4047,4048,4040,4041,4042,4043,4044,4045,4046,4047,4048,4040,4041,4042,4043,4044,4045,4046,4047,4048,4040,4041,4042,4043,4044,4045,4046,4047,4048,4040,4041,4042,4043,4044,4045,4046,4047,4048,4040,4041,4042,4043,4044,4045,4046,4047,4048,4040,4041,4042,4043,4044,4045,4046,4047,4048,4040,4041,4042,4043,4044,4045,4046,4047,4048,4040,4041,4042,4043,4044,4045,4046,4047,4048,4040,4041,4042,4043,4044,4045,4046,4047,4048,4640,4641
-1,-1,-1,-1,-1,-1,-1,-1,-1,-1,-1,-1,-1,-1,-1,-1,-1,-1,-1,-1,-1,-1,-1,-1,-1,-1,-1,-1,-1,-1,-1,-1,-1,-1,-1,-1,-1,-1,-1,-1,-1,-1,-1,-1,-1,-1,-1,-1,-1,5258,5259,4172,4173,4174,4175,4176,4168,4169,4170,4171,4172,4173,4174,4175,4176,4168,4169,4170,4171,4172,4173,4174,4175,4176,4168,4169,4170,4171,4172,4173,4174,4175,4176,4168,4169,4170,4171,4172,4173,4174,4175,4176,4168,4169,4170,4171,4172,4173,4174,4175,4176,4168,4169,4170,4171,4172,4173,4174,4175,4176,4168,4169,4170,4171,4172,4173,4174,4175,4176,4168,4169,4170,4171,4172,4173,4174,4175,4176,4168,4169,4170,4171,4172,4173,4174,4175,4176,4168,4169,4170,4171,4172,4173,4174,4175,4176,4168,4169,4170,4171,4172,4173,4174,4175,4176,4168,4169,4170,4171,4172,4173,4174,4175,4176,4168,4169,4170,4171,4172,4173,4174,4175,4176,4168,4169,4170,4171,4172,4173,4174,4175,4176,4168,4169,4170,4171,4172,4173,4174,4175,4176,4768,4769
-1,-1,-1,-1,-1,-1,-1,-1,-1,-1,-1,-1,-1,-1,-1,-1,-1,-1,-1,-1,-1,-1,-1,-1,-1,-1,-1,-1,-1,-1,-1,-1,-1,-1,-1,-1,-1,-1,-1,-1,-1,-1,-1,-1,-1,-1,-1,-1,-1,5386,5387,4300,4301,4302,4303,4304,4296,4297,4298,4299,4300,4301,4302,4303,4304,4296,4297,4298,4299,4300,4301,4302,4303,4304,4296,4297,4298,4299,4300,4301,4302,4303,4304,4296,4297,4298,4299,4300,4301,4302,4303,4304,4296,4297,4298,4299,4300,4301,4302,4303,4304,4296,4297,4298,4299,4300,4301,4302,4303,4304,4296,4297,4298,4299,4300,4301,4302,4303,4304,4296,4297,4298,4299,4300,4301,4302,4303,4304,4296,4297,4298,4299,4300,4301,4302,4303,4304,4296,4297,4298,4299,4300,4301,4302,4303,4304,4296,4297,4298,5389,5390,5391,5392,5393,5394,4296,4297,4298,4299,4300,4301,4302,4303,4304,4296,4297,4298,4299,4300,4301,4302,4303,4304,4296,4297,4298,4299,4300,4301,4302,4303,4304,4296,4297,4298,4299,4300,4301,4302,4303,4304,4896,4897
-1,-1,-1,-1,-1,-1,-1,-1,-1,-1,-1,-1,-1,-1,-1,-1,-1,-1,-1,-1,-1,-1,-1,-1,-1,-1,-1,-1,-1,-1,-1,-1,-1,-1,-1,-1,-1,-1,-1,-1,-1,-1,-1,-1,-1,-1,-1,-1,-1,5514,5515,4428,4429,4430,4431,4432,4424,4425,4426,4427,4428,4429,4430,4431,4432,4424,4425,4426,4427,4428,4429,4430,4431,4432,4424,4425,4426,4427,4428,4429,4430,4431,4432,4424,4425,4426,4427,4428,4429,4430,4431,4432,4424,4425,4426,4427,4428,4429,4430,4431,4432,4424,4425,4426,4427,4428,4429,4430,4431,4432,4424,4425,4426,4427,4428,4429,4430,4431,4432,4424,4425,4426,4427,4428,4429,4430,4431,4432,4424,4425,4426,4427,4428,4429,4430,4431,4432,4424,4425,4426,4427,4428,4429,4430,4431,4432,4424,4425,4426,4427,4428,4429,4430,4431,4432,4424,4425,4426,4427,4428,4429,4430,4431,4432,4424,4425,4426,4427,4428,4429,4430,4431,4432,4424,4425,4426,4427,4428,4429,4430,4431,4432,4424,4425,4426,4427,4428,4429,4430,4431,4432,4640,4641
-1,-1,-1,-1,-1,-1,-1,-1,-1,-1,-1,-1,-1,-1,-1,-1,-1,-1,-1,-1,-1,-1,-1,-1,-1,-1,-1,-1,-1,-1,-1,-1,-1,-1,-1,-1,-1,-1,-1,-1,-1,-1,-1,-1,-1,-1,-1,-1,-1,5130,5131,4556,4557,4558,4559,4560,4552,4553,4554,4555,4556,4557,4558,4559,4560,4552,4553,4554,4555,4556,4557,4558,4559,4560,4552,4553,4554,4555,4556,4557,4558,4559,4560,4552,4553,4554,4555,4556,4557,4558,4559,4560,4552,4553,4554,4555,4556,4557,4558,4559,4560,4552,4553,4554,4555,4556,4557,4558,4559,4560,4552,4553,4554,4555,4556,4557,4558,4559,4560,4552,4553,4554,4555,4556,4557,4558,4559,4560,4552,4553,4554,4555,4556,4557,4558,4559,4560,4552,4553,4554,4555,4556,4557,4558,4559,4560,4552,4553,4554,4555,4556,4557,4558,4559,4560,4552,4553,4554,4555,4556,4557,4558,4559,4560,4552,4553,4554,4555,4556,4557,4558,4559,4560,4552,4553,4554,4555,4556,4557,4558,4559,4560,4552,4553,4554,4555,4556,4557,4558,4559,4560,4768,4769
-1,-1,-1,-1,-1,-1,-1,-1,-1,-1,-1,-1,-1,-1,-1,-1,-1,-1,-1,-1,-1,-1,-1,-1,-1,-1,-1,-1,-1,-1,-1,-1,-1,-1,-1,-1,-1,-1,-1,-1,-1,-1,-1,-1,-1,-1,-1,-1,-1,5258,5259,3788,3789,3790,3791,3792,3784,3785,3786,3787,3788,3789,3790,3791,3792,3784,3785,3786,3787,3788,3789,3790,3791,3792,3784,3785,3786,3787,3788,3789,3790,3791,3792,3784,3785,3786,3787,3788,3789,3790,3791,3792,3784,3785,3786,3787,3788,3789,3790,3791,3792,3784,3785,3786,3787,3788,3789,3790,3791,3792,3784,3785,3786,3787,3788,3789,3790,3791,3792,3784,3785,3786,3787,3788,3789,3790,3791,3792,3784,3785,3786,3787,3788,3789,3790,3791,3792,3784,3785,3786,3787,3788,3789,5389,5390,5391,5392,5393,5394,3787,3788,3789,3790,3791,3792,3784,3785,3786,3787,3788,3789,3790,3791,3792,3784,3785,3786,3787,3788,3789,3790,3791,3792,3784,3785,3786,3787,3788,3789,3790,3791,3792,3784,3785,3786,3787,3788,3789,3790,3791,3792,4640,4641
-1,-1,-1,-1,-1,-1,-1,-1,-1,-1,-1,-1,-1,-1,-1,-1,-1,-1,-1,-1,-1,-1,-1,-1,-1,-1,-1,-1,-1,-1,-1,-1,-1,-1,-1,-1,-1,-1,-1,-1,-1,-1,-1,-1,-1,-1,-1,-1,-1,5386,5387,3916,3917,3918,3919,3920,3912,3913,3914,3915,3916,3917,3918,3919,3920,3912,3913,3914,3915,3916,3917,3918,3919,3920,3912,3913,3914,3915,3916,3917,3918,3919,3920,3912,3913,3914,3915,3916,3917,3918,3919,3920,3912,3913,3914,3915,3916,3917,3918,3919,3920,3912,3913,3914,3915,3916,3917,3918,3919,3920,3912,3913,3914,3915,3916,3917,3918,3919,3920,3912,3913,3914,3915,3916,3917,3918,3919,3920,3912,3913,3914,3915,3916,3917,3918,3919,3920,3912,3913,3914,3915,3916,3917,3918,3919,3920,3912,3913,3914,3915,3916,3917,3918,3919,3920,3912,3913,3914,3915,3916,3917,3918,3919,3920,3912,3913,3914,3915,3916,3917,3918,3919,3920,3912,3913,3914,3915,3916,3917,3918,3919,3920,3912,3913,3914,3915,3916,3917,3918,3919,3920,4768,4769
-1,-1,-1,-1,-1,-1,-1,-1,-1,-1,-1,-1,-1,-1,-1,-1,-1,-1,-1,-1,-1,-1,-1,-1,-1,-1,-1,-1,-1,-1,-1,-1,-1,-1,-1,-1,-1,-1,-1,-1,-1,-1,-1,-1,-1,-1,-1,-1,-1,5514,5515,4044,4045,4046,4047,4048,4040,4041,4042,4043,4044,4045,4046,4047,4048,4040,4041,4042,4043,4044,4045,4046,4047,4048,4040,4041,4042,4043,4044,4045,4046,4047,4048,4040,4041,4042,4043,4044,4045,4046,4047,4048,4040,4041,4042,4043,4044,4045,4046,4047,4048,4040,4041,4042,4043,4044,4045,4046,4047,4048,4040,4041,4042,4043,4044,4045,4046,4047,4048,4040,4041,4042,4043,4044,4045,4046,4047,4048,4040,4041,4042,4043,4044,4045,4046,4047,4048,4040,4041,4042,4043,4044,4045,4046,4047,4048,4040,4041,4042,4043,4044,4045,4046,4047,4048,4040,4041,4042,4043,4044,4045,4046,4047,4048,4040,4041,4042,4043,4044,4045,4046,4047,4048,4040,4041,4042,4043,4044,4045,4046,4047,4048,4040,4041,4042,4043,4044,4045,4046,4047,4048,4896,4897
-1,-1,-1,-1,-1,-1,-1,-1,-1,-1,-1,-1,-1,-1,-1,-1,-1,-1,-1,-1,-1,-1,-1,-1,-1,-1,-1,-1,-1,-1,-1,-1,-1,-1,-1,-1,-1,-1,-1,-1,-1,-1,-1,-1,-1,-1,-1,-1,-1,5002,5003,4172,4173,4174,4175,4176,4168,4169,4170,4171,4172,4173,4174,4175,4176,4168,4169,4170,4171,4172,4173,4174,4175,4176,4168,4169,4170,4171,4172,4173,4174,4175,4176,4168,5389,5390,5391,5392,5393,5394,5395,5396,5397,5398,5399,5389,5390,5391,5392,5393,5394,5395,5396,5397,5389,5390,5391,5392,5393,5394,5395,5396,5397,5398,5399,4173,4174,4175,4176,4168,4169,4170,4171,4172,4173,4174,4175,4176,4168,4169,4170,4171,4172,4173,4174,4175,4176,4168,4169,4170,4171,4172,4173,4174,4175,4176,4168,4169,4170,4171,4172,4173,4174,4175,4176,4168,4169,4170,4171,4172,4173,4174,4175,4176,4168,4169,4170,4171,4172,4173,4174,4175,4176,4168,4169,4170,4171,4172,4173,4174,4175,4176,4168,4169,4170,4171,4172,4173,4174,4175,4176,5024,5025
-1,-1,-1,-1,-1,-1,-1,-1,-1,-1,-1,-1,-1,-1,-1,-1,-1,-1,-1,-1,-1,-1,-1,-1,-1,-1,-1,-1,-1,-1,-1,-1,-1,-1,-1,-1,-1,-1,-1,-1,-1,-1,-1,-1,-1,-1,-1,-1,-1,5130,5131,4300,4301,4302,4303,4304,4296,4297,4298,4299,4300,4301,4302,4303,4304,4296,4297,4298,4299,4300,4301,4302,4303,4304,4296,4297,4298,4299,4300,4301,4302,4303,4304,4296,5517,5518,5519,5520,5521,5522,5523,5524,5525,5526,5527,5517,5518,5519,5520,5521,5522,5523,5524,5525,5517,5518,5519,5520,5521,5522,5523,5524,5525,5526,5527,4301,4302,4303,4304,4296,4297,4298,4299,4300,4301,4302,4303,4304,4296,4297,4298,5390,5391,5392,4302,4303,4304,4296,4297,4298,4299,4300,4301,4302,4303,4304,4296,4297,4298,4299,4300,4301,4302,4303,4304,4296,4297,4298,4299,4300,4301,4302,4303,4304,4296,4297,4298,4299,4300,4301,4302,4303,4304,4296,4297,4298,4299,4300,4301,4302,4303,4304,4296,4297,4298,4299,4300,4301,4302,4303,4304,5152,5153
-1,-1,-1,-1,-1,-1,-1,-1,-1,-1,-1,-1,-1,-1,-1,-1,-1,-1,-1,-1,-1,-1,-1,-1,-1,-1,-1,-1,-1,-1,-1,-1,-1,-1,-1,-1,-1,-1,-1,-1,-1,-1,-1,-1,-1,-1,-1,-1,-1,5258,5259,4428,4429,4430,4431,4432,4424,4425,4426,4427,4428,4429,4430,4431,4432,4424,4425,4426,4427,4428,4429,4430,4431,4432,4424,4425,4426,4427,4428,4429,4430,4431,4432,4424,4425,4426,4427,4428,4429,4430,4431,4432,4424,4425,4426,4427,4428,4429,4430,4431,4432,4424,4425,4426,4427,4428,4429,4430,4431,4432,4424,4425,4426,4427,4428,4429,4430,4431,4432,4424,4425,4426,4427,4428,4429,4430,4431,4432,4424,4425,4426,4427,4428,4429,4430,4431,4432,4424,4425,4426,4427,4428,4429,4430,4431,4432,4424,4425,4426,4427,4428,4429,4430,4431,4432,4424,4425,4426,4427,4428,4429,4430,4431,4432,4424,4425,4426,4427,4428,4429,4430,4431,4432,4424,4425,4426,4427,4428,4429,4430,4431,4432,4424,4425,4426,4427,4428,4429,4430,4431,4432,5280,5281
-1,-1,-1,-1,-1,-1,-1,-1,-1,-1,-1,-1,-1,-1,-1,-1,-1,-1,-1,-1,-1,-1,-1,-1,-1,-1,-1,-1,-1,-1,-1,-1,-1,-1,-1,-1,-1,-1,-1,-1,-1,-1,-1,-1,-1,-1,-1,-1,-1,5386,5387,4556,4557,4558,4559,4560,4552,4553,4554,4555,4556,4557,4558,4559,4560,4552,4553,4554,4555,4556,4557,4558,4559,4560,4552,4553,4554,4555,4556,4557,4558,4559,4560,4552,4553,4554,4555,4556,4557,4558,4559,4560,4552,4553,4554,4555,4556,4557,4558,4559,4560,4552,4553,4554,4555,4556,4557,4558,4559,4560,4552,4553,4554,4555,4556,4557,4558,4559,4560,4552,4553,4554,4555,4556,4557,4558,4559,4560,4552,4553,4554,4555,4556,4557,4558,4559,4560,4552,5391,5392,5393,5394,5395,5396,5397,5398,5399,5389,5390,5391,5392,5393,5394,5395,5396,5397,5398,5389,5390,5391,5392,5393,5394,5395,5396,5389,5390,5391,5392,5393,5394,5395,5396,5389,5390,5391,5392,5393,5394,5395,5396,5397,5389,5389,5390,5391,5392,5393,5394,5395,5396,5408,5409
-1,-1,-1,-1,-1,-1,-1,-1,-1,-1,-1,-1,-1,-1,-1,-1,-1,-1,-1,-1,-1,-1,-1,-1,-1,-1,-1,-1,-1,-1,-1,-1,-1,-1,-1,-1,-1,-1,-1,-1,-1,-1,-1,-1,-1,-1,-1,-1,-1,5514,5515,3788,3789,3790,3791,3792,3784,3785,3786,3787,3788,3789,3790,3791,3792,3784,3785,3786,3787,3788,3789,3790,3791,3792,3784,5389,5390,5391,5392,5393,5394,3791,3792,3784,3785,3786,3787,3788,3789,3790,3791,3792,3784,3785,3786,3787,3788,3789,3790,3791,3792,3784,3785,3786,3787,3788,3789,3790,3791,3792,3784,3785,3786,3787,3788,3789,3790,3791,3792,3784,3785,3786,3787,3788,3789,3790,3791,3792,3784,3785,3786,3787,3788,3789,3790,3791,3792,3784,5519,5520,5521,5522,5523,5524,5525,5526,5527,5517,5518,5519,5520,5521,5522,5523,5524,5525,5526,5517,5518,5519,5520,5521,5522,5523,5524,5517,5518,5519,5520,5521,5522,5523,5524,5517,5518,5519,5520,5521,5522,5523,5524,5525,5517,5517,5518,5519,5520,5521,5522,5523,5524,5536,5537
-1,-1,-1,-1,-1,-1,-1,-1,-1,-1,-1,-1,-1,-1,-1,-1,-1,-1,-1,-1,-1,-1,-1,-1,-1,-1,-1,-1,-1,-1,-1,-1,-1,-1,-1,-1,-1,-1,-1,-1,-1,-1,-1,-1,-1,-1,-1,-1,-1,4874,4875,3916,3917,3918,3919,3920,3912,3913,3914,3915,3916,3917,3918,3919,3920,3912,3913,3914,3915,3916,3917,3918,3919,3920,3912,3913,3914,3915,3916,3917,3918,3919,3920,3912,3913,3914,3915,3916,3917,3918,3919,3920,3912,3913,3914,3915,3916,3917,3918,3919,3920,3912,3913,3914,3915,3916,3917,3918,3919,3920,3912,3913,3914,3915,3916,3917,3918,3919,3920,3912,3913,3914,3915,3916,3917,3918,3919,3920,3912,3913,3914,3915,3916,3917,3918,3919,3920,3912,4640,4641,-1,-1,-1,-1,-1,-1,-1,-1,-1,-1,-1,-1,-1,-1,-1,-1,-1,-1,-1,-1,-1,-1,-1,-1,-1,-1,-1,-1,-1,-1,-1,-1,-1,-1,-1,-1,-1,-1,-1,-1,-1,-1,-1,-1,-1,-1,-1,-1,-1,-1,-1,-1,-1
-1,-1,-1,-1,-1,-1,-1,-1,-1,-1,-1,-1,-1,-1,-1,-1,-1,-1,-1,-1,-1,-1,-1,-1,-1,-1,-1,-1,-1,-1,-1,-1,-1,-1,-1,-1,-1,-1,-1,-1,-1,-1,-1,-1,-1,-1,-1,-1,-1,5002,5003,4044,4045,4046,4047,4048,4040,4041,4042,4043,4044,4045,4046,4047,4048,4040,4041,4042,4043,4044,4045,4046,4047,4048,4040,4041,4042,4043,4044,4045,4046,4047,4048,4040,4041,4042,4043,4044,4045,4046,4047,4048,4040,4041,4042,4043,4044,4045,4046,4047,4048,4040,4041,4042,4043,4044,4045,4046,4047,4048,4040,4041,4042,4043,4044,4045,4046,4047,4048,4040,4041,4042,4043,5389,5390,5391,5392,5393,5394,4041,4042,4043,4044,4045,4046,4047,4048,4040,4768,4769,-1,-1,-1,-1,-1,-1,-1,-1,-1,-1,-1,-1,-1,-1,-1,-1,-1,-1,-1,-1,-1,-1,-1,-1,-1,-1,-1,-1,-1,-1,-1,-1,-1,-1,-1,-1,-1,-1,-1,-1,-1,-1,-1,-1,-1,-1,-1,-1,-1,-1,-1,-1,-1
-1,-1,-1,-1,-1,-1,-1,-1,-1,-1,-1,-1,-1,-1,-1,-1,-1,-1,-1,-1,-1,-1,-1,-1,-1,-1,-1,-1,-1,-1,-1,-1,-1,-1,-1,-1,-1,-1,-1,-1,-1,-1,-1,-1,-1,-1,-1,-1,-1,5130,5131,4172,4173,4174,4175,4176,4168,4169,4170,4171,4172,4173,4174,4175,4176,4168,4169,4170,4171,4172,4173,4174,4175,4176,4168,4169,4170,4171,4172,4173,4174,4175,4176,4168,4169,4170,4171,4172,4173,4174,4175,4176,4168,4169,4170,4171,4172,4173,4174,4175,4176,4168,4169,4170,4171,4172,4173,4174,4175,4176,4168,4169,4170,4171,4172,4173,4174,4175,4176,4168,4169,4170,4171,4172,4173,4174,4175,4176,4168,4169,4170,4171,4172,4173,4174,4175,4176,4168,4896,4897,-1,-1,-1,-1,-1,-1,-1,-1,-1,-1,-1,-1,-1,-1,-1,-1,-1,-1,-1,-1,-1,-1,-1,-1,-1,-1,-1,-1,-1,-1,-1,-1,-1,-1,-1,-1,-1,-1,-1,-1,-1,-1,-1,-1,-1,-1,-1,-1,-1,-1,-1,-1,-1
-1,-1,-1,-1,-1,-1,-1,-1,-1,-1,-1,-1,-1,-1,-1,-1,-1,-1,-1,-1,-1,-1,-1,-1,-1,-1,-1,-1,-1,-1,-1,-1,-1,-1,-1,-1,-1,-1,-1,-1,-1,-1,-1,-1,-1,-1,-1,-1,-1,5258,5259,4300,4301,4302,4303,4304,4296,4297,4298,4299,4300,4301,4302,4303,4304,4296,4297,4298,4299,4300,4301,4302,4303,4304,4296,4297,4298,4299,4300,4301,4302,4303,4304,4296,4297,4298,4299,4300,4301,4302,4303,4304,4296,4297,4298,4299,4300,4301,4302,4303,4304,4296,4297,4298,4299,4300,4301,4302,4303,4304,4296,4297,4298,4299,4300,4301,4302,4303,4304,4296,4297,4298,4299,4300,4301,4302,4303,4304,4296,4297,4298,4299,4300,4301,4302,4303,4304,4296,5024,5025,-1,-1,-1,-1,-1,-1,-1,-1,-1,-1,-1,-1,-1,-1,-1,-1,-1,-1,-1,-1,-1,-1,-1,-1,-1,-1,-1,-1,-1,-1,-1,-1,-1,-1,-1,-1,-1,-1,-1,-1,-1,-1,-1,-1,-1,-1,-1,-1,-1,-1,-1,-1,-1
-1,-1,-1,-1,-1,-1,-1,-1,-1,-1,-1,-1,-1,-1,-1,-1,-1,-1,-1,-1,-1,-1,-1,-1,-1,-1,-1,-1,-1,-1,-1,-1,-1,-1,-1,-1,-1,-1,-1,-1,-1,-1,-1,-1,-1,-1,-1,-1,-1,5386,5387,4428,4429,4430,4431,4432,4424,4425,4426,4427,4428,4429,4430,4431,4432,4424,4425,4426,4427,4428,4429,4430,4431,4432,4424,4425,4426,4427,4428,4429,4430,4431,4432,4424,4425,4426,4427,4428,4429,4430,4431,4432,4424,4425,4426,4427,4428,4429,4430,4431,4432,4424,4425,4426,4427,4428,4429,4430,4431,4432,4424,4425,4426,4427,4428,4429,4430,4431,4432,4424,4425,4426,4427,4428,4429,4430,4431,4432,4424,4425,4426,4427,4428,4429,4430,4431,4432,4424,5152,5153,-1,-1,-1,-1,-1,-1,-1,-1,-1,-1,-1,-1,-1,-1,-1,-1,-1,-1,-1,-1,-1,-1,-1,-1,-1,-1,-1,-1,-1,-1,-1,-1,-1,-1,-1,-1,-1,-1,-1,-1,-1,-1,-1,-1,-1,-1,-1,-1,-1,-1,-1,-1,-1
-1,-1,-1,-1,-1,-1,-1,-1,-1,-1,-1,-1,-1,-1,-1,-1,-1,-1,-1,-1,-1,-1,-1,-1,-1,-1,-1,-1,-1,-1,-1,-1,-1,-1,-1,-1,-1,-1,-1,-1,-1,-1,-1,-1,-1,-1,-1,-1,-1,5514,5515,4556,4557,4558,4559,4560,4552,4553,4554,4555,4556,4557,4558,4559,4560,4552,4553,4554,4555,4556,4557,4558,4559,4560,4552,4553,4554,4555,4556,4557,4558,4559,4560,4552,4553,4554,4555,4556,4557,4558,4559,4560,4552,4553,4554,4555,4556,4557,4558,4559,4560,4552,4553,4554,4555,4556,4557,4558,4559,4560,4552,4553,4554,4555,4556,4557,4558,4559,4560,4552,4553,4554,4555,4556,4557,4558,4559,4560,4552,4553,4554,4555,4556,4557,4558,4559,4560,4552,5280,5281,-1,-1,-1,-1,-1,-1,-1,-1,-1,-1,-1,-1,-1,-1,-1,-1,-1,-1,-1,-1,-1,-1,-1,-1,-1,-1,-1,-1,-1,-1,-1,-1,-1,-1,-1,-1,-1,-1,-1,-1,-1,-1,-1,-1,-1,-1,-1,-1,-1,-1,-1,-1,-1
-1,-1,-1,-1,-1,-1,-1,-1,-1,-1,-1,-1,-1,-1,-1,-1,-1,-1,-1,-1,-1,-1,-1,-1,-1,-1,-1,-1,-1,-1,-1,-1,-1,-1,-1,-1,-1,-1,-1,-1,-1,-1,-1,-1,-1,-1,-1,-1,-1,5130,5131,3788,3789,3790,5389,5389,5389,5389,5389,5389,5389,5389,5389,5390,5391,5392,5393,5394,5395,5396,5397,5398,5399,3792,3784,3785,3786,3787,3788,3789,3790,3791,3792,3784,3785,3786,3787,3788,3789,3790,3791,3792,3784,3785,3786,3787,3788,3789,3790,3791,3792,3784,3785,3786,3787,3788,3789,3790,3791,3792,3784,3785,3786,3787,3788,3789,3790,3791,3792,3784,3785,3786,3787,3788,3789,3790,3791,3792,3784,3785,3786,3787,3788,3789,3790,3791,3792,3784,5408,5409,-1,-1,-1,-1,-1,-1,-1,-1,-1,-1,-1,-1,-1,-1,-1,-1,-1,-1,-1,-1,-1,-1,-1,-1,-1,-1,-1,-1,-1,-1,-1,-1,-1,-1,-1,-1,-1,-1,-1,-1,-1,-1,-1,-1,-1,-1,-1,-1,-1,-1,-1,-1,-1
-1,-1,-1,-1,-1,-1,-1,-1,-1,-1,-1,-1,-1,-1,-1,-1,-1,-1,-1,-1,-1,-1,-1,-1,-1,-1,-1,-1,-1,-1,-1,-1,-1,-1,-1,-1,-1,-1,-1,-1,-1,-1,-1,-1,-1,-1,-1,-1,-1,5258,5259,3916,3917,3918,5517,5517,5517,5517,5517,5517,5517,5517,5517,5518,5519,5520,5521,5522,5523,5524,5525,5526,5527,3920,3912,3913,3914,3915,3916,3917,3918,3919,3920,3912,3913,3914,3915,3916,3917,3918,3919,3920,3912,3913,3914,3915,3916,3917,3918,3919,3920,3912,3913,3914,3915,3916,3917,3918,3919,3920,3912,3913,3914,3915,3916,3917,3918,3919,3920,3912,3913,3914,3915,3916,3917,3918,3919,3920,3912,5389,5390,5391,5392,5393,5394,3919,3920,3912,5536,5537,-1,-1,-1,-1,-1,-1,-1,-1,-1,-1,-1,-1,-1,-1,-1,-1,-1,-1,-1,-1,-1,-1,-1,-1,-1,-1,-1,-1,-1,-1,-1,-1,-1,-1,-1,-1,-1,-1,-1,-1,-1,-1,-1,-1,-1,-1,-1,-1,-1,-1,-1,-1,-1
-1,-1,-1,-1,-1,-1,-1,-1,-1,-1,-1,-1,-1,-1,-1,-1,-1,-1,-1,-1,-1,-1,-1,-1,-1,-1,-1,-1,-1,-1,-1,-1,-1,-1,-1,-1,-1,-1,-1,-1,-1,-1,-1,-1,-1,-1,-1,-1,-1,5386,5387,4044,4045,4046,4047,4048,4040,4041,4042,4043,4044,4045,4046,4047,4048,4040,4041,4042,4043,4044,4045,4046,4047,4048,4040,4041,4042,4043,4044,4045,4046,4047,4048,4040,4041,4042,4043,4044,4045,4046,4047,4048,4040,4041,4042,4043,4044,4045,4046,4047,4048,4040,4041,4042,4043,4044,4045,4046,4047,4048,4040,4041,4042,4043,4044,4045,4046,4047,4048,4040,4041,4042,4043,4044,4045,4046,4047,4048,4040,4041,4042,4043,4044,4045,4046,4047,4048,4040,5152,5153,-1,-1,-1,-1,-1,-1,-1,-1,-1,-1,-1,-1,-1,-1,-1,-1,-1,-1,-1,-1,-1,-1,-1,-1,-1,-1,-1,-1,-1,-1,-1,-1,-1,-1,-1,-1,-1,-1,-1,-1,-1,-1,-1,-1,-1,-1,-1,-1,-1,-1,-1,-1,-1
-1,-1,-1,-1,-1,-1,-1,-1,-1,-1,-1,-1,-1,-1,-1,-1,-1,-1,-1,-1,-1,-1,-1,-1,-1,-1,-1,-1,-1,-1,-1,-1,-1,-1,-1,-1,-1,-1,-1,-1,-1,-1,-1,-1,-1,-1,-1,-1,-1,5514,5515,4172,4173,4174,4175,4176,4168,4169,4170,4171,4172,4173,4174,4175,4176,4168,4169,4170,4171,4172,4173,4174,4175,4176,4168,4169,4170,4171,4172,4173,4174,4175,4176,4168,4169,4170,4171,4172,4173,4174,4175,4176,4168,4169,4170,4171,4172,4173,4174,4175,4176,4168,4169,4170,4171,4172,4173,4174,4175,4176,4168,4169,4170,4171,4172,4173,4174,4175,4176,4168,4169,4170,4171,4172,4173,4174,4175,4176,4168,4169,4170,4171,4172,4173,4174,4175,4176,4168,5280,5281,-1,-1,-1,-1,-1,-1,-1,-1,-1,-1,-1,-1,-1,-1,-1,-1,-1,-1,-1,-1,-1,-1,-1,-1,-1,-1,-1,-1,-1,-1,-1,-1,-1,-1,-1,-1,-1,-1,-1,-1,-1,-1,-1,-1,-1,-1,-1,-1,-1,-1,-1,-1,-1
-1,-1,-1,-1,-1,-1,-1,-1,-1,-1,-1,-1,-1,-1,-1,-1,-1,-1,-1,-1,-1,-1,-1,-1,-1,-1,-1,-1,-1,-1,-1,-1,-1,-1,-1,-1,-1,-1,-1,-1,-1,-1,-1,-1,-1,-1,-1,-1,-1,4746,4747,4300,4301,4302,4303,4304,4296,4297,4298,4299,4300,4301,4302,4303,4304,4296,4297,4298,4299,4300,4301,4302,4303,4304,4296,4297,4298,4299,4300,4301,4302,4303,4304,4296,4297,4298,4299,4300,4301,4302,4303,5389,5390,5391,5392,5393,5394,5395,5396,5397,5398,5399,5396,5397,5398,5399,4301,4302,4303,4304,4296,4297,4298,4299,4300,4301,4302,4303,4304,4296,4297,4298,4299,4300,4301,4302,4303,4304,4296,4297,4298,4299,4300,4301,4302,4303,4304,4296,5408,5409,-1,-1,-1,-1,-1,-1,-1,-1,-1,-1,-1,-1,-1,-1,-1,-1,-1,-1,-1,-1,-1,-1,-1,-1,-1,-1,-1,-1,-1,-1,-1,-1,-1,-1,-1,-1,-1,-1,-1,-1,-1,-1,-1,-1,-1,-1,-1,-1,-1,-1,-1,-1,-1
-1,-1,-1,-1,-1,-1,-1,-1,-1,-1,-1,-1,-1,-1,-1,-1,-1,-1,-1,-1,-1,-1,-1,-1,-1,-1,-1,-1,-1,-1,-1,-1,-1,-1,-1,-1,-1,-1,-1,-1,-1,-1,-1,-1,-1,-1,-1,-1,-1,4874,4875,4428,4429,4430,4431,4432,4424,4425,4426,4427,4428,4429,4430,4431,4432,4424,4425,4426,4427,4428,4429,4430,4431,4432,4424,4425,4426,4427,4428,4429,4430,4431,4432,4424,4425,4426,4427,4428,4429,4430,4431,5517,5518,5519,5520,5521,5522,5523,5524,5525,5526,5527,5524,5525,5526,5527,4429,4430,4431,4432,4424,4425,4426,4427,4428,4429,4430,4431,4432,4424,4425,4426,4427,4428,4429,4430,4431,4432,4424,4425,4426,4427,4428,4429,4430,4431,4432,4424,5536,5537,-1,-1,-1,-1,-1,-1,-1,-1,-1,-1,-1,-1,-1,-1,-1,-1,-1,-1,-1,-1,-1,-1,-1,-1,-1,-1,-1,-1,-1,-1,-1,-1,-1,-1,-1,-1,-1,-1,-1,-1,-1,-1,-1,-1,-1,-1,-1,-1,-1,-1,-1,-1,-1
-1,-1,-1,-1,-1,-1,-1,-1,-1,-1,-1,-1,-1,-1,-1,-1,-1,-1,-1,-1,-1,-1,-1,-1,-1,-1,-1,-1,-1,-1,-1,-1,-1,-1,-1,-1,-1,-1,-1,-1,-1,-1,-1,-1,-1,-1,-1,-1,-1,5002,5003,4556,4557,4558,4559,4560,4552,4553,4554,4555,4556,4557,4558,4559,4560,4552,4553,4554,4555,4556,4557,4558,4559,4560,4552,4553,4554,4555,4556,4557,4558,4559,4560,4552,4553,4554,4555,4556,4557,4558,4559,4560,4552,4553,4554,4555,4556,4557,4558,4559,4560,4552,4553,4554,4555,4556,4557,4558,4559,4560,4552,4553,4554,4555,4556,4557,4558,4559,4560,4552,4553,4554,4555,4556,5389,5390,5391,5392,5393,5394,4554,4555,4556,4557,4558,4559,4560,4552,5280,5281,-1,-1,-1,-1,-1,-1,-1,-1,-1,-1,-1,-1,-1,-1,-1,-1,-1,-1,-1,-1,-1,-1,-1,-1,-1,-1,-1,-1,-1,-1,-1,-1,-1,-1,-1,-1,-1,-1,-1,-1,-1,-1,-1,-1,-1,-1,-1,-1,-1,-1,-1,-1,-1
-1,-1,-1,-1,-1,-1,-1,-1,-1,-1,-1,-1,-1,-1,-1,-1,-1,-1,-1,-1,-1,-1,-1,-1,-1,-1,-1,-1,-1,-1,-1,-1,-1,-1,-1,-1,-1,-1,-1,-1,-1,-1,-1,-1,-1,-1,-1,-1,-1,5130,5131,3788,3789,3790,3791,3792,3784,3785,3786,3787,3788,3789,3790,3791,3792,3784,3785,3786,3787,3788,3789,3790,3791,3792,3784,3785,3786,3787,3788,3789,3790,3791,3792,3784,3785,3786,3787,3788,3789,3790,3791,3792,3784,3785,3786,3787,3788,3789,3790,3791,3792,3784,3785,3786,3787,3788,3789,3790,3791,3792,3784,3785,3786,3787,3788,3789,3790,3791,3792,3784,3785,3786,3787,3788,3789,3790,3791,3792,3784,3785,3786,3787,3788,3789,3790,3791,3792,3784,5408,5409,-1,-1,-1,-1,-1,-1,-1,-1,-1,-1,-1,-1,-1,-1,-1,-1,-1,-1,-1,-1,-1,-1,-1,-1,-1,-1,-1,-1,-1,-1,-1,-1,-1,-1,-1,-1,-1,-1,-1,-1,-1,-1,-1,-1,-1,-1,-1,-1,-1,-1,-1,-1,-1
-1,-1,-1,-1,-1,-1,-1,-1,-1,-1,-1,-1,-1,-1,-1,-1,-1,-1,-1,-1,-1,-1,-1,-1,-1,-1,-1,-1,-1,-1,-1,-1,-1,-1,-1,-1,-1,-1,-1,-1,-1,-1,-1,-1,-1,-1,-1,-1,-1,5258,5259,3916,3917,3918,3919,3920,3912,3913,3914,3915,3916,3917,3918,3919,3920,3912,3913,3914,3915,3916,3917,3918,3919,3920,3912,3913,3914,3915,3916,3917,3918,3919,3920,3912,3913,5389,5390,5391,5392,3918,3919,3920,3912,3913,3914,3915,3916,3917,3918,3919,3920,3912,3913,3914,3915,3916,3917,3918,3919,3920,3912,3913,3914,3915,3916,3917,3918,3919,3920,3912,3913,3914,3915,3916,3917,3918,3919,3920,3912,3913,3914,3915,3916,3917,3918,3919,3920,3912,5536,5537,-1,-1,-1,-1,-1,-1,-1,-1,-1,-1,-1,-1,-1,-1,-1,-1,-1,-1,-1,-1,-1,-1,-1,-1,-1,-1,-1,-1,-1,-1,-1,-1,-1,-1,-1,-1,-1,-1,-1,-1,-1,-1,-1,-1,-1,-1,-1,-1,-1,-1,-1,-1,-1
3983,3984,3985,3986,3987,3988,3989,3990,3991,3992,3993,3983,3984,3985,3986,3987,3988,3989,3990,3991,3992,3983,3984,3985,3986,3987,3988,3989,3990,3991,3992,3983,3984,3985,3986,3987,3988,3989,3990,3991,3992,3983,3984,3985,3986,3987,3988,3989,3990,5386,5387,4044,4045,4046,4047,4048,4040,4041,4042,4043,4044,4045,4046,4047,4048,4040,4041,4042,4043,4044,4045,4046,4047,4048,4040,4041,4042,4043,4044,4045,4046,4047,4048,4040,4041,4042,4043,4044,4045,4046,4047,4048,4040,4041,4042,4043,4044,4045,4046,4047,4048,4040,4041,4042,4043,4044,4045,4046,4047,4048,4040,4041,4042,4043,5389,5390,5391,5392,5393,5394,4041,4042,4043,4044,4045,4046,4047,4048,4040,4041,4042,4043,4044,4045,4046,4047,4048,4040,5280,5281,-1,-1,-1,-1,-1,-1,-1,-1,-1,-1,-1,-1,-1,-1,-1,-1,-1,-1,-1,-1,-1,-1,-1,-1,-1,-1,-1,-1,-1,-1,-1,-1,-1,-1,-1,-1,-1,-1,-1,-1,-1,-1,-1,-1,-1,-1,-1,-1,-1,-1,-1,-1,-1
4111,4112,4113,4114,4115,4116,4117,4118,4119,4120,4121,4111,4112,4113,4114,4115,4116,4117,4118,4119,4120,4111,4112,4113,4114,4115,4116,4117,4118,4119,4120,4111,4112,4113,4114,4115,4116,4117,4118,4119,4120,4111,4112,4113,4114,4115,4116,4117,4118,5514,5515,4172,4173,4174,4175,4176,4168,4169,4170,4171,4172,4173,4174,4175,4176,4168,4169,4170,4171,4172,4173,4174,4175,5389,5390,5391,5392,5393,5394,4173,4174,4175,4176,4168,4169,4170,4171,4172,4173,4174,4175,4176,4168,4169,4170,4171,4172,4173,4174,4175,4176,4168,4169,4170,4171,4172,4173,4174,4175,4176,4168,4169,4170,4171,4172,4173,4174,4175,4176,4168,4169,4170,4171,4172,4173,4174,4175,4176,4168,4169,4170,4171,4172,4173,4174,4175,4176,4168,5408,5409,-1,-1,-1,-1,-1,-1,-1,-1,-1,-1,-1,-1,-1,-1,-1,-1,-1,-1,-1,-1,-1,-1,-1,-1,-1,-1,-1,-1,-1,-1,-1,-1,-1,-1,-1,-1,-1,-1,-1,-1,-1,-1,-1,-1,-1,-1,-1,-1,-1,-1,-1,-1,-1
4618,4619,4296,4297,4298,4299,4300,4301,4302,4303,4304,4296,4297,4298,4299,4300,4301,4302,4303,4304,4296,4297,4298,4299,4300,4301,4302,4303,4304,4296,4297,4298,4299,4300,4301,4302,4303,4304,4296,4297,4298,4299,4300,4301,4302,4303,4304,4296,4297,4298,4299,4300,4301,4302,4303,4304,4296,4297,4298,4299,4300,4301,4302,4303,4304,4296,4297,4298,4299,4300,4301,4302,4303,4304,4296,4297,4298,4299,4300,4301,4302,4303,4304,4296,4297,4298,4299,4300,4301,4302,4303,4304,4296,4297,4298,4299,4300,4301,4302,4303,4304,4296,4297,4298,4299,4300,4301,4302,4303,4304,4296,4297,4298,4299,4300,4301,4302,4303,4304,4296,4297,4298,4299,4300,4301,4302,4303,4304,4296,4297,4298,4299,4300,4301,4302,4303,4304,4296,5536,5537,-1,-1,-1,-1,-1,-1,-1,-1,-1,-1,-1,-1,-1,-1,-1,-1,-1,-1,-1,-1,-1,-1,-1,-1,-1,-1,-1,-1,-1,-1,-1,-1,-1,-1,-1,-1,-1,-1,-1,-1,-1,-1,-1,-1,-1,-1,-1,-1,-1,-1,-1,-1,-1
4746,4747,4424,4425,4426,4427,4428,4429,4430,4431,4432,4424,4425,4426,4427,4428,4429,4430,4431,4432,4424,4425,4426,4427,4428,4429,4430,4431,4432,4424,4425,4426,4427,4428,4429,4430,4431,4432,4424,4425,4426,4427,4428,4429,4430,4431,4432,4424,4425,4426,4427,4428,4429,4430,4431,4432,4424,4425,4426,4427,4428,4429,4430,4431,4432,4424,4425,4426,4427,4428,4429,4430,4431,4432,4424,4425,4426,4427,4428,4429,4430,4431,4432,4424,4425,4426,4427,4428,4429,4430,4431,4432,4424,4425,4426,4427,4428,4429,4430,4431,4432,4424,4425,4426,4427,5389,5390,5391,5392,5393,5394,4425,4426,4427,4428,4429,4430,4431,4432,4424,4425,4426,4427,4428,4429,4430,4431,4432,4424,4425,4426,4427,4428,4429,4430,4431,4432,4424,5024,5025,-1,-1,-1,-1,-1,-1,-1,-1,-1,-1,-1,-1,-1,-1,-1,-1,-1,-1,-1,-1,-1,-1,-1,-1,-1,-1,-1,-1,-1,-1,-1,-1,-1,-1,-1,-1,-1,-1,-1,-1,-1,-1,-1,-1,-1,-1,-1,-1,-1,-1,-1,-1,-1
4874,4875,4552,4553,4554,4555,4556,4557,4558,4559,4560,4552,4553,4554,4555,4556,4557,4558,4559,4560,4552,4553,4554,4555,4556,4557,4558,4559,4560,4552,4553,4554,4555,4556,4557,4558,4559,4560,4552,4553,4554,4555,4556,4557,4558,4559,4560,4552,4553,4554,4555,4556,4557,4558,4559,4560,4552,4553,4554,4555,4556,4557,4558,4559,4560,4552,4553,4554,4555,4556,4557,4558,4559,4560,4552,4553,4554,4555,4556,4557,4558,4559,5389,5390,5391,5392,5393,5394,4557,4558,4559,4560,4552,4553,4554,4555,4556,4557,4558,4559,4560,4552,4553,4554,4555,4556,4557,4558,4559,4560,4552,4553,4554,4555,4556,4557,4558,4559,4560,4552,4553,4554,4555,4556,4557,4558,4559,4560,4552,4553,4554,4555,4556,4557,4558,4559,4560,4552,5152,5153,-1,-1,-1,-1,-1,-1,-1,-1,-1,-1,-1,-1,-1,-1,-1,-1,-1,-1,-1,-1,-1,-1,-1,-1,-1,-1,-1,-1,-1,-1,-1,-1,-1,-1,-1,-1,-1,-1,-1,-1,-1,-1,-1,-1,-1,-1,-1,-1,-1,-1,-1,-1,-1
5002,5003,3784,3785,3786,3787,3788,3789,3790,3791,3792,3784,3785,3786,3787,3788,3789,3790,3791,3792,3784,3785,3786,3787,3788,3789,3790,3791,3792,3784,3785,3786,3787,3788,3789,3790,3791,3792,3784,3785,3786,3787,3788,3789,3790,3791,3792,3784,3785,3786,3787,3788,3789,3790,3791,3792,3784,3785,3786,3787,3788,3789,3790,3791,3792,3784,3785,3786,3787,3788,3789,3790,3791,3792,3784,3785,3786,3787,3788,3789,3790,3791,3792,3784,3785,3786,3787,3788,3789,3790,3791,3792,3784,3785,3786,3787,3788,3789,3790,3791,3792,3784,3785,3786,3787,3788,3789,3790,3791,3792,3784,3785,3786,3787,3788,3789,3790,3791,3792,3784,3785,3786,3787,3788,3789,3790,3791,3792,3784,3785,3786,3787,3788,3789,3790,3791,3792,3784,5280,5281,-1,-1,-1,-1,-1,-1,-1,-1,-1,-1,-1,-1,-1,-1,-1,-1,-1,-1,-1,-1,-1,-1,-1,-1,-1,-1,-1,-1,-1,-1,-1,-1,-1,-1,-1,-1,-1,-1,-1,-1,-1,-1,-1,-1,-1,-1,-1,-1,-1,-1,-1,-1,-1
5130,5131,3912,3913,3914,3915,3916,3917,3918,3919,3920,3912,3913,3914,3915,3916,3917,3918,3919,3920,3912,3913,3914,3915,3916,3917,3918,3919,3920,3912,3913,3914,3915,3916,3917,3918,3919,3920,3912,3913,3914,3915,3916,3917,3918,3919,3920,3912,3913,3914,3915,3916,3917,3918,3919,3920,3912,3913,3914,3915,3916,3917,3918,3919,3920,3912,3913,3914,3915,3916,3917,3918,3919,3920,3912,3913,3914,3915,3916,3917,3918,3919,3920,3912,3913,3914,3915,3916,3917,3918,3919,3920,3912,3913,3914,3915,3916,3917,3918,3919,3920,3912,3913,3914,3915,3916,3917,3918,3919,3920,3912,3913,3914,3915,3916,3917,3918,3919,3920,3912,3913,3914,3915,3916,3917,3918,3919,3920,3912,3913,3914,3915,3916,3917,3918,3919,3920,3912,5408,5409,-1,-1,-1,-1,-1,-1,-1,-1,-1,-1,-1,-1,-1,-1,-1,-1,-1,-1,-1,-1,-1,-1,-1,-1,-1,-1,-1,-1,-1,-1,-1,-1,-1,-1,-1,-1,-1,-1,-1,-1,-1,-1,-1,-1,-1,-1,-1,-1,-1,-1,-1,-1,-1
5258,5259,4040,4041,4042,4043,4044,4045,4046,4047,4048,4040,4041,4042,4043,4044,4045,4046,4047,4048,4040,4041,4042,4043,4044,4045,4046,4047,4048,4040,4041,4042,4043,4044,4045,4046,4047,4048,4040,4041,4042,4043,4044,4045,4046,4047,4048,4040,4041,4042,4043,4044,4045,4046,4047,4048,4040,4041,4042,4043,4044,4045,4046,4047,4048,4040,4041,4042,4043,4044,4045,4046,4047,4048,4040,4041,4042,4043,4044,4045,4046,4047,4048,4040,4041,4042,4043,4044,4045,4046,4047,4048,4040,4041,4042,4043,4044,4045,4046,4047,4048,4040,4041,4042,4043,4044,4045,4046,4047,4048,4040,4041,4042,4043,4044,4045,4046,4047,4048,4040,4041,4042,4043,4044,4045,4046,4047,4048,4040,4041,4042,4043,4044,4045,4046,4047,4048,4040,5536,5537,-1,-1,-1,-1,-1,-1,-1,-1,-1,-1,-1,-1,-1,-1,-1,-1,-1,-1,-1,-1,-1,-1,-1,-1,-1,-1,-1,-1,-1,-1,-1,-1,-1,-1,-1,-1,-1,-1,-1,-1,-1,-1,-1,-1,-1,-1,-1,-1,-1,-1,-1,-1,-1
4618,4619,4168,4169,4170,4171,4172,4173,4174,4175,4176,4168,4169,4170,4171,4172,4173,4174,4175,4176,4168,4169,4170,4171,4172,4173,4174,4175,4176,4168,4169,4170,4171,4172,4173,4174,4175,4176,4168,4169,4170,4171,4172,4173,4174,4175,4176,4168,4169,4170,4171,4172,4173,4174,4175,4176,4168,4169,4170,4171,4172,4173,4174,4175,4176,4168,4169,4170,4171,4172,4173,4174,4175,4176,4168,4169,4170,4171,4172,4173,4174,4175,4176,4168,4169,4170,4171,4172,4173,4174,4175,4176,4168,4169,4170,4171,4172,4173,4174,4175,4176,4168,4169,4170,4171,4172,4173,4174,4175,4176,4168,4169,4170,4171,4172,4173,4174,4175,4176,4168,4169,4170,4171,4172,4173,4174,4175,4176,4168,4169,4170,4171,4172,4173,4174,4175,4176,4168,5280,5281,-1,-1,-1,-1,-1,-1,-1,-1,-1,-1,-1,-1,-1,-1,-1,-1,-1,-1,-1,-1,-1,-1,-1,-1,-1,-1,-1,-1,-1,-1,-1,-1,-1,-1,-1,-1,-1,-1,-1,-1,-1,-1,-1,-1,-1,-1,-1,-1,-1,-1,-1,-1,-1
4746,4747,4296,4297,4298,4299,4300,4301,4302,4303,4304,4296,4297,4298,4299,4300,4301,4302,4303,4304,4296,4297,4298,4299,4300,4301,4302,4303,4304,4296,4297,4298,4299,4300,4301,4302,4303,4304,4296,4297,4298,4299,4300,4301,4302,4303,4304,4296,4297,4298,4299,4300,4301,4302,4303,4304,4296,4297,4298,4299,4300,4301,4302,4303,4304,4296,4297,4298,4299,4300,4301,4302,4303,4304,4296,4297,4298,4299,4300,4301,4302,4303,4304,4296,4297,4298,4299,4300,4301,4302,4303,4304,4296,4297,4298,4299,4300,4301,4302,4303,4304,4296,4297,4298,4299,4300,4301,4302,4303,4304,4296,4297,4298,4299,4300,4301,4302,4303,4304,4296,4297,4298,4299,4300,4301,4302,4303,4304,4296,4297,4298,4299,4300,4301,4302,4303,4304,4296,5408,5409,-1,-1,-1,-1,-1,-1,-1,-1,-1,-1,-1,-1,-1,-1,-1,-1,-1,-1,-1,-1,-1,-1,-1,-1,-1,-1,-1,-1,-1,-1,-1,-1,-1,-1,-1,-1,-1,-1,-1,-1,-1,-1,-1,-1,-1,-1,-1,-1,-1,-1,-1,-1,-1
4874,4875,4424,4425,4426,4427,4428,4429,4430,4431,4432,4424,4425,4426,4427,4428,4429,4430,4431,4432,4424,4425,4426,4427,4428,4429,4430,4431,4432,4424,4425,4426,4427,4428,4429,4430,4431,4432,4424,4425,4426,4427,4428,4429,4430,4431,4432,4424,4425,4426,4427,4428,4429,4430,4431,4432,4424,4425,4426,4427,4428,5389,5390,5391,5392,5393,5394,5395,5396,5397,5398,5399,5389,5390,5391,5392,5393,5394,5395,5396,5397,5398,5389,5390,5391,5392,5393,5394,5395,5396,5397,5389,5390,5391,5392,5393,5394,5395,5396,5397,5398,5389,5390,5391,5392,5393,5394,5395,5389,5390,5391,5392,5393,5394,5395,5396,5397,5398,5389,5390,5391,5392,5393,5394,5395,5389,5390,5391,5392,5389,5390,5391,5392,5393,5394,5395,5396,5397,5536,5537,-1,-1,-1,-1,-1,-1,-1,-1,-1,-1,-1,-1,-1,-1,-1,-1,-1,-1,-1,-1,-1,-1,-1,-1,-1,-1,-1,-1,-1,-1,-1,-1,-1,-1,-1,-1,-1,-1,-1,-1,-1,-1,-1,-1,-1,-1,-1,-1,-1,-1,-1,-1,-1
5002,5003,4552,4553,4554,4555,4556,4557,4558,4559,4560,4552,4553,4554,4555,4556,4557,4558,4559,4560,4552,4553,4554,4555,4556,4557,4558,4559,4560,4552,4553,4554,4555,4556,4557,4558,4559,4560,4552,4553,4554,4555,4556,4557,4558,4559,4560,4552,4553,4554,4555,4556,4557,4558,4559,4560,4552,4553,4554,4555,4556,5517,5518,5519,5520,5521,5522,5523,5524,5525,5526,5527,5517,5518,5519,5520,5521,5522,5523,5524,5525,5526,5517,5518,5519,5520,5521,5522,5523,5524,5525,5517,5518,5519,5520,5521,5522,5523,5524,5525,5526,5517,5518,5519,5520,5521,5522,5523,5517,5518,5519,5520,5521,5522,5523,5524,5525,5526,5517,5518,5519,5520,5521,5522,5523,5517,5518,5519,5520,5517,5518,5519,5520,5521,5522,5523,5524,5525,5526,5527,-1,-1,-1,-1,-1,-1,-1,-1,-1,-1,-1,-1,-1,-1,-1,-1,-1,-1,-1,-1,-1,-1,-1,-1,-1,-1,-1,-1,-1,-1,-1,-1,-1,-1,-1,-1,-1,-1,-1,-1,-1,-1,-1,-1,-1,-1,-1,-1,-1,-1,-1,-1,-1
5130,5131,3784,3785,3786,3787,3788,3789,3790,3791,3792,3784,3785,3786,3787,3788,3789,3790,3791,3792,3784,3785,3786,3787,3788,3789,3790,3791,3792,3784,3785,3786,3787,3788,3789,3790,3791,3792,3784,3785,3786,3787,3788,3789,3790,3791,3792,3784,3785,3786,3787,3788,3789,3790,3791,3792,3784,3785,3786,3787,3788,4768,4769,-1,-1,-1,-1,-1,-1,-1,-1,-1,-1,-1,-1,-1,-1,-1,-1,-1,-1,-1,-1,-1,-1,-1,-1,-1,-1,-1,-1,-1,-1,-1,-1,-1,-1,-1,-1,-1,-1,-1,-1,-1,-1,-1,-1,-1,-1,-1,-1,-1,-1,-1,-1,-1,-1,-1,-1,-1,-1,-1,-1,-1,-1,-1,-1,-1,-1,-1,-1,-1,-1,-1,-1,-1,-1,-1,-1,-1,-1,-1,-1,-1,-1,-1,-1,-1,-1,-1,-1,-1,-1,-1,-1,-1,-1,-1,-1,-1,-1,-1,-1,-1,-1,-1,-1,-1,-1,-1,-1,-1,-1,-1,-1,-1,-1,-1,-1,-1,-1,-1,-1,-1,-1,-1,-1,-1,-1,-1,-1,-1,-1
5258,5259,3912,3913,3914,3915,3916,3917,3918,3919,3920,3912,3913,3914,3915,3916,3917,3918,3919,3920,3912,3913,3914,3915,3916,3917,3918,3919,3920,3912,3913,3914,3915,3916,3917,3918,3919,3920,3912,3913,3914,3915,3916,3917,3918,3919,3920,3912,3913,3914,3915,3916,3917,3918,3919,3920,3912,3913,3914,3915,3916,4896,4897,-1,-1,-1,-1,-1,-1,-1,-1,-1,-1,-1,-1,-1,-1,-1,-1,-1,-1,-1,-1,-1,-1,-1,-1,-1,-1,-1,-1,-1,-1,-1,-1,-1,-1,-1,-1,-1,-1,-1,-1,-1,-1,-1,-1,-1,-1,-1,-1,-1,-1,-1,-1,-1,-1,-1,-1,-1,-1,-1,-1,-1,-1,-1,-1,-1,-1,-1,-1,-1,-1,-1,-1,-1,-1,-1,-1,-1,-1,-1,-1,-1,-1,-1,-1,-1,-1,-1,-1,-1,-1,-1,-1,-1,-1,-1,-1,-1,-1,-1,-1,-1,-1,-1,-1,-1,-1,-1,-1,-1,-1,-1,-1,-1,-1,-1,-1,-1,-1,-1,-1,-1,-1,-1,-1,-1,-1,-1,-1,-1,-1
5386,5387,4040,4041,4042,4043,4044,4045,4046,4047,4048,4040,4041,4042,4043,4044,4045,4046,4047,4048,4040,4041,4042,4043,4044,4045,4046,4047,4048,4040,4041,4042,4043,4044,4045,4046,4047,4048,4040,4041,4042,4043,4044,4045,4046,4047,4048,4040,4041,4042,4043,4044,4045,4046,4047,4048,4040,4041,4042,4043,4044,5024,5025,-1,-1,-1,-1,-1,-1,-1,-1,-1,-1,-1,-1,-1,-1,-1,-1,-1,-1,-1,-1,-1,-1,-1,-1,-1,-1,-1,-1,-1,-1,-1,-1,-1,-1,-1,-1,-1,-1,-1,-1,-1,-1,-1,-1,-1,-1,-1,-1,-1,-1,-1,-1,-1,-1,-1,-1,-1,-1,-1,-1,-1,-1,-1,-1,-1,-1,-1,-1,-1,-1,-1,-1,-1,-1,-1,-1,-1,-1,-1,-1,-1,-1,-1,-1,-1,-1,-1,-1,-1,-1,-1,-1,-1,-1,-1,-1,-1,-1,-1,-1,-1,-1,-1,-1,-1,-1,-1,-1,-1,-1,-1,-1,-1,-1,-1,-1,-1,-1,-1,-1,-1,-1,-1,-1,-1,-1,-1,-1,-1,-1
5514,5515,4168,4169,4170,4171,4172,4173,4174,4175,4176,4168,4169,4170,4171,4172,4173,4174,4175,4176,4168,4169,4170,4171,4172,4173,4174,4175,4176,4168,4169,4170,4171,4172,4173,4174,4175,4176,4168,4169,4170,4171,4172,4173,4174,4175,4176,4168,4169,4170,4171,4172,4173,4174,5389,5390,5391,5392,5393,5394,4172,5152,5153,-1,-1,-1,-1,-1,-1,-1,-1,-1,-1,-1,-1,-1,-1,-1,-1,-1,-1,-1,-1,-1,-1,-1,-1,-1,-1,-1,-1,-1,-1,-1,-1,-1,-1,-1,-1,-1,-1,-1,-1,-1,-1,-1,-1,-1,-1,-1,-1,-1,-1,-1,-1,-1,-1,-1,-1,-1,-1,-1,-1,-1,-1,-1,-1,-1,-1,-1,-1,-1,-1,-1,-1,-1,-1,-1,-1,-1,-1,-1,-1,-1,-1,-1,-1,-1,-1,-1,-1,-1,-1,-1,-1,-1,-1,-1,-1,-1,-1,-1,-1,-1,-1,-1,-1,-1,-1,-1,-1,-1,-1,-1,-1,-1,-1,-1,-1,-1,-1,-1,-1,-1,-1,-1,-1,-1,-1,-1,-1,-1,-1
4874,4875,4296,4297,4298,4299,4300,4301,4302,4303,4304,4296,4297,4298,4299,4300,4301,4302,4303,4304,4296,4297,4298,4299,4300,4301,4302,4303,4304,4296,4297,4298,4299,4300,4301,4302,4303,4304,4296,4297,4298,4299,4300,4301,4302,4303,4304,4296,4297,4298,4299,4300,4301,4302,4303,4304,4296,4297,4298,4299,4300,5280,5281,-1,-1,-1,-1,-1,-1,-1,-1,-1,-1,-1,-1,-1,-1,-1,-1,-1,-1,-1,-1,-1,-1,-1,-1,-1,-1,-1,-1,-1,-1,-1,-1,-1,-1,-1,-1,-1,-1,-1,-1,-1,-1,-1,-1,-1,-1,-1,-1,-1,-1,-1,-1,-1,-1,-1,-1,-1,-1,-1,-1,-1,-1,-1,-1,-1,-1,-1,-1,-1,-1,-1,-1,-1,-1,-1,-1,-1,-1,-1,-1,-1,-1,-1,-1,-1,-1,-1,-1,-1,-1,-1,-1,-1,-1,-1,-1,-1,-1,-1,-1,-1,-1,-1,-1,-1,-1,-1,-1,-1,-1,-1,-1,-1,-1,-1,-1,-1,-1,-1,-1,-1,-1,-1,-1,-1,-1,-1,-1,-1,-1
5002,5003,4424,4425,4426,4427,4428,4429,4430,4431,4432,4424,4425,4426,4427,4428,4429,4430,4431,4432,4424,4425,4426,4427,4428,4429,4430,4431,4432,4424,4425,4426,4427,4428,4429,4430,4431,4432,4424,4425,4426,4427,4428,4429,4430,4431,4432,4424,4425,4426,4427,4428,4429,4430,4431,4432,4424,4425,4426,4427,4428,5408,5409,-1,-1,-1,-1,-1,-1,-1,-1,-1,-1,-1,-1,-1,-1,-1,-1,-1,-1,-1,-1,-1,-1,-1,-1,-1,-1,-1,-1,-1,-1,-1,-1,-1,-1,-1,-1,-1,-1,-1,-1,-1,-1,-1,-1,-1,-1,-1,-1,-1,-1,-1,-1,-1,-1,-1,-1,-1,-1,-1,-1,-1,-1,-1,-1,-1,-1,-1,-1,-1,-1,-1,-1,-1,-1,-1,-1,-1,-1,-1,-1,-1,-1,-1,-1,-1,-1,-1,-1,-1,-1,-1,-1,-1,-1,-1,-1,-1,-1,-1,-1,-1,-1,-1,-1,-1,-1,-1,-1,-1,-1,-1,-1,-1,-1,-1,-1,-1,-1,-1,-1,-1,-1,-1,-1,-1,-1,-1,-1,-1,-1
5130,5131,4552,4553,4554,4555,4556,4557,4558,4559,4560,4552,4553,4554,4555,4556,4557,4558,4559,4560,4552,4553,4554,4555,4556,4557,4558,4559,4560,4552,4553,4554,4555,4556,4557,4558,4559,4560,4552,4553,4554,4555,4556,4557,4558,4559,4560,4552,4553,4554,4555,4556,4557,4558,4559,4560,4552,4553,4554,4555,4556,5536,5537,-1,-1,-1,-1,-1,-1,-1,-1,-1,-1,-1,-1,-1,-1,-1,-1,-1,-1,-1,-1,-1,-1,-1,-1,-1,-1,-1,-1,-1,-1,-1,-1,-1,-1,-1,-1,-1,-1,-1,-1,-1,-1,-1,-1,-1,-1,-1,-1,-1,-1,-1,-1,-1,-1,-1,-1,-1,-1,-1,-1,-1,-1,-1,-1,-1,-1,-1,-1,-1,-1,-1,-1,-1,-1,-1,-1,-1,-1,-1,-1,-1,-1,-1,-1,-1,-1,-1,-1,-1,-1,-1,-1,-1,-1,-1,-1,-1,-1,-1,-1,-1,-1,-1,-1,-1,-1,-1,-1,-1,-1,-1,-1,-1,-1,-1,-1,-1,-1,-1,-1,-1,-1,-1,-1,-1,-1,-1,-1,-1,-1
5258,5259,3784,3785,3786,3787,3788,3789,3790,3791,3792,3784,3785,3786,3787,3788,3789,3790,3791,3792,3784,3785,3786,3787,3788,3789,3790,3791,3792,3784,3785,3786,3787,3788,3789,3790,3791,3792,3784,3785,3786,3787,3788,3789,3790,3791,3792,3784,3785,3786,3787,3788,3789,3790,3791,3792,3784,3785,3786,3787,3788,5408,5409,-1,-1,-1,-1,-1,-1,-1,-1,-1,-1,-1,-1,-1,-1,-1,-1,-1,-1,-1,-1,-1,-1,-1,-1,-1,-1,-1,-1,-1,-1,-1,-1,-1,-1,-1,-1,-1,-1,-1,-1,-1,-1,-1,-1,-1,-1,-1,-1,-1,-1,-1,-1,-1,-1,-1,-1,-1,-1,-1,-1,-1,-1,-1,-1,-1,-1,-1,-1,-1,-1,-1,-1,-1,-1,-1,-1,-1,-1,-1,-1,-1,-1,-1,-1,-1,-1,-1,-1,-1,-1,-1,-1,-1,-1,-1,-1,-1,-1,-1,-1,-1,-1,-1,-1,-1,-1,-1,-1,-1,-1,-1,-1,-1,-1,-1,-1,-1,-1,-1,-1,-1,-1,-1,-1,-1,-1,-1,-1,-1,-1
5386,5387,3912,3913,3914,3915,3916,3917,3918,3919,3920,3912,3913,3914,3915,3916,3917,3918,3919,3920,3912,3913,3914,3915,3916,3917,3918,3919,3920,3912,3913,3914,3915,3916,3917,3918,3919,3920,3912,3913,3914,3915,3916,3917,3918,3919,3920,3912,3913,3914,3915,3916,3917,3918,3919,3920,3912,3913,3914,3915,3916,5536,5537,-1,-1,-1,-1,-1,-1,-1,-1,-1,-1,-1,-1,-1,-1,-1,-1,-1,-1,-1,-1,-1,-1,-1,-1,-1,-1,-1,-1,-1,-1,-1,-1,-1,-1,-1,-1,-1,-1,-1,-1,-1,-1,-1,-1,-1,-1,-1,-1,-1,-1,-1,-1,-1,-1,-1,-1,-1,-1,-1,-1,-1,-1,-1,-1,-1,-1,-1,-1,-1,-1,-1,-1,-1,-1,-1,-1,-1,-1,-1,-1,-1,-1,-1,-1,-1,-1,-1,-1,-1,-1,-1,-1,-1,-1,-1,-1,-1,-1,-1,-1,-1,-1,-1,-1,-1,-1,-1,-1,-1,-1,-1,-1,-1,-1,-1,-1,-1,-1,-1,-1,-1,-1,-1,-1,-1,-1,-1,-1,-1,-1
5514,5515,4040,4041,4042,4043,4044,4045,4046,4047,4048,4040,4041,4042,4043,4044,4045,4046,4047,4048,4040,4041,4042,4043,4044,4045,4046,4047,4048,4040,4041,4042,4043,4044,4045,4046,4047,4048,4040,4041,4042,4043,4044,5389,5390,5391,5392,5393,5389,5390,5391,5392,5393,5394,5395,5396,5397,5398,5399,4043,4044,5280,5281,-1,-1,-1,-1,-1,-1,-1,-1,-1,-1,-1,-1,-1,-1,-1,-1,-1,-1,-1,-1,-1,-1,-1,-1,-1,-1,-1,-1,-1,-1,-1,-1,-1,-1,-1,-1,-1,-1,-1,-1,-1,-1,-1,-1,-1,-1,-1,-1,-1,-1,-1,-1,-1,-1,-1,-1,-1,-1,-1,-1,-1,-1,-1,-1,-1,-1,-1,-1,-1,-1,-1,-1,-1,-1,-1,-1,-1,-1,-1,-1,-1,-1,-1,-1,-1,-1,-1,-1,-1,-1,-1,-1,-1,-1,-1,-1,-1,-1,-1,-1,-1,-1,-1,-1,-1,-1,-1,-1,-1,-1,-1,-1,-1,-1,-1,-1,-1,-1,-1,-1,-1,-1,-1,-1,-1,-1,-1,-1,-1,-1
4618,4619,4168,4169,4170,4171,4172,4173,4174,4175,4176,4168,4169,4170,4171,4172,4173,4174,4175,4176,4168,4169,4170,4171,4172,4173,4174,4175,4176,4168,4169,4170,4171,4172,4173,4174,4175,4176,4168,4169,4170,4171,4172,5517,5518,5519,5520,5521,5517,5518,5519,5520,5521,5522,5523,5524,5525,5526,5527,4171,4172,5408,5409,-1,-1,-1,-1,-1,-1,-1,-1,-1,-1,-1,-1,-1,-1,-1,-1,-1,-1,-1,-1,-1,-1,-1,-1,-1,-1,-1,-1,-1,-1,-1,-1,-1,-1,-1,-1,-1,-1,-1,-1,-1,-1,-1,-1,-1,-1,-1,-1,-1,-1,-1,-1,-1,-1,-1,-1,-1,-1,-1,-1,-1,-1,-1,-1,-1,-1,-1,-1,-1,-1,-1,-1,-1,-1,-1,-1,-1,-1,-1,-1,-1,-1,-1,-1,-1,-1,-1,-1,-1,-1,-1,-1,-1,-1,-1,-1,-1,-1,-1,-1,-1,-1,-1,-1,-1,-1,-1,-1,-1,-1,-1,-1,-1,-1,-1,-1,-1,-1,-1,-1,-1,-1,-1,-1,-1,-1,-1,-1,-1,-1
4746,4747,4296,4297,4298,4299,4300,4301,4302,4303,4304,4296,4297,4298,4299,4300,4301,4302,4303,4304,4296,4297,4298,4299,4300,4301,4302,4303,4304,4296,4297,4298,4299,4300,4301,4302,4303,4304,4296,4297,4298,4299,4300,4301,4302,4303,4304,4296,4297,4298,4299,4300,4301,4302,4303,4304,4296,4297,4298,4299,4300,5536,5537,-1,-1,-1,-1,-1,-1,-1,-1,-1,-1,-1,-1,-1,-1,-1,-1,-1,-1,-1,-1,-1,-1,-1,-1,-1,-1,-1,-1,-1,-1,-1,-1,-1,-1,-1,-1,-1,-1,-1,-1,-1,-1,-1,-1,-1,-1,-1,-1,-1,-1,-1,-1,-1,-1,-1,-1,-1,-1,-1,-1,-1,-1,-1,-1,-1,-1,-1,-1,-1,-1,-1,-1,-1,-1,-1,-1,-1,-1,-1,-1,-1,-1,-1,-1,-1,-1,-1,-1,-1,-1,-1,-1,-1,-1,-1,-1,-1,-1,-1,-1,-1,-1,-1,-1,-1,-1,-1,-1,-1,-1,-1,-1,-1,-1,-1,-1,-1,-1,-1,-1,-1,-1,-1,-1,-1,-1,-1,-1,-1,-1
4874,4875,4424,4425,4426,4427,4428,4429,4430,4431,4432,4424,4425,4426,4427,4428,4429,4430,4431,4432,4424,4425,4426,4427,4428,4429,4430,4431,4432,4424,4425,4426,4427,4428,4429,4430,4431,4432,4424,4425,4426,4427,4428,4429,4430,4431,4432,4424,4425,4426,4427,4428,4429,4430,4431,4432,4424,4425,4426,4427,4428,4768,4769,-1,-1,-1,-1,-1,-1,-1,-1,-1,-1,-1,-1,-1,-1,-1,-1,-1,-1,-1,-1,-1,-1,-1,-1,-1,-1,-1,-1,-1,-1,-1,-1,-1,-1,-1,-1,-1,-1,-1,-1,-1,-1,-1,-1,-1,-1,-1,-1,-1,-1,-1,-1,-1,-1,-1,-1,-1,-1,-1,-1,-1,-1,-1,-1,-1,-1,-1,-1,-1,-1,-1,-1,-1,-1,-1,-1,-1,-1,-1,-1,-1,-1,-1,-1,-1,-1,-1,-1,-1,-1,-1,-1,-1,-1,-1,-1,-1,-1,-1,-1,-1,-1,-1,-1,-1,-1,-1,-1,-1,-1,-1,-1,-1,-1,-1,-1,-1,-1,-1,-1,-1,-1,-1,-1,-1,-1,-1,-1,-1,-1
5002,5003,4552,4553,4554,4555,4556,4557,4558,4559,4560,4552,4553,4554,4555,4556,4557,4558,4559,4560,4552,4553,4554,4555,4556,4557,4558,4559,4560,4552,4553,4554,4555,4556,4557,4558,4559,4560,4552,4553,4554,4555,4556,4557,4558,4559,4560,4552,4553,4554,4555,4556,4557,4558,4559,4560,4552,4553,4554,4555,4556,4896,4897,-1,-1,-1,-1,-1,-1,-1,-1,-1,-1,-1,-1,-1,-1,-1,-1,-1,-1,-1,-1,-1,-1,-1,-1,-1,-1,-1,-1,-1,-1,-1,-1,-1,-1,-1,-1,-1,-1,-1,-1,-1,-1,-1,-1,-1,-1,-1,-1,-1,-1,-1,-1,-1,-1,-1,-1,-1,-1,-1,-1,-1,-1,-1,-1,-1,-1,-1,-1,-1,-1,-1,-1,-1,-1,-1,-1,-1,-1,-1,-1,-1,-1,-1,-1,-1,-1,-1,-1,-1,-1,-1,-1,-1,-1,-1,-1,-1,-1,-1,-1,-1,-1,-1,-1,-1,-1,-1,-1,-1,-1,-1,-1,-1,-1,-1,-1,-1,-1,-1,-1,-1,-1,-1,-1,-1,-1,-1,-1,-1,-1
5130,5131,3784,3785,5389,5389,5389,5389,5389,5389,5389,5389,5389,5390,5391,5392,5393,5394,5395,5396,5397,5398,5399,3787,3788,3789,3790,3791,3792,3784,3785,3786,3787,3788,3789,3790,3791,3792,3784,3785,3786,3787,3788,3789,3790,3791,3792,3784,3785,3786,3787,3788,3789,3790,3791,3792,3784,3785,3786,3787,3788,5024,5025,-1,-1,-1,-1,-1,-1,-1,-1,-1,-1,-1,-1,-1,-1,-1,-1,-1,-1,-1,-1,-1,-1,-1,-1,-1,-1,-1,-1,-1,-1,-1,-1,-1,-1,-1,-1,-1,-1,-1,-1,-1,-1,-1,-1,-1,-1,-1,-1,-1,-1,-1,-1,-1,-1,-1,-1,-1,-1,-1,-1,-1,-1,-1,-1,-1,-1,-1,-1,-1,-1,-1,-1,-1,-1,-1,-1,-1,-1,-1,-1,-1,-1,-1,-1,-1,-1,-1,-1,-1,-1,-1,-1,-1,-1,-1,-1,-1,-1,-1,-1,-1,-1,-1,-1,-1,-1,-1,-1,-1,-1,-1,-1,-1,-1,-1,-1,-1,-1,-1,-1,-1,-1,-1,-1,-1,-1,-1,-1,-1,-1
5258,5259,3912,3913,5517,5517,5517,5517,5517,5517,5517,5517,5517,5518,5519,5520,5521,5522,5523,5524,5525,5526,5527,3915,3916,3917,3918,3919,3920,3912,3913,3914,3915,3916,3917,3918,3919,3920,3912,3913,3914,3915,3916,3917,3918,3919,3920,3912,3913,3914,3915,3916,3917,3918,3919,3920,3912,3913,3914,3915,3916,5152,5153,-1,-1,-1,-1,-1,-1,-1,-1,-1,-1,-1,-1,-1,-1,-1,-1,-1,-1,-1,-1,-1,-1,-1,-1,-1,-1,-1,-1,-1,-1,-1,-1,-1,-1,-1,-1,-1,-1,-1,-1,-1,-1,-1,-1,-1,-1,-1,-1,-1,-1,-1,-1,-1,-1,-1,-1,-1,-1,-1,-1,-1,-1,-1,-1,-1,-1,-1,-1,-1,-1,-1,-1,-1,-1,-1,-1,-1,-1,-1,-1,-1,-1,-1,-1,-1,-1,-1,-1,-1,-1,-1,-1,-1,-1,-1,-1,-1,-1,-1,-1,-1,-1,-1,-1,-1,-1,-1,-1,-1,-1,-1,-1,-1,-1,-1,-1,-1,-1,-1,-1,-1,-1,-1,-1,-1,-1,-1,-1,-1,-1
5386,5387,4040,4041,4042,4043,4044,4045,4046,4047,4048,4040,4041,4042,4043,4044,4045,4046,4047,4048,4040,4041,4042,4043,4044,4045,4046,4047,4048,4040,4041,4042,4043,4044,4045,4046,4047,4048,4040,5389,5390,5391,5392,5393,5394,4047,4048,4040,4041,4042,4043,4044,4045,4046,4047,4048,4040,4041,4042,4043,4044,5280,5281,-1,-1,-1,-1,-1,-1,-1,-1,-1,-1,-1,-1,-1,-1,-1,-1,-1,-1,-1,-1,-1,-1,-1,-1,-1,-1,-1,-1,-1,-1,-1,-1,-1,-1,-1,-1,-1,-1,-1,-1,-1,-1,-1,-1,-1,-1,-1,-1,-1,-1,-1,-1,-1,-1,-1,-1,-1,-1,-1,-1,-1,-1,-1,-1,-1,-1,-1,-1,-1,-1,-1,-1,-1,-1,-1,-1,-1,-1,-1,-1,-1,-1,-1,-1,-1,-1,-1,-1,-1,-1,-1,-1,-1,-1,-1,-1,-1,-1,-1,-1,-1,-1,-1,-1,-1,-1,-1,-1,-1,-1,-1,-1,-1,-1,-1,-1,-1,-1,-1,-1,-1,-1,-1,-1,-1,-1,-1,-1,-1,-1
5514,5515,4168,4169,4170,4171,4172,4173,4174,4175,4176,4168,4169,4170,4171,4172,4173,4174,4175,4176,4168,4169,4170,4171,4172,4173,5389,5390,5391,5392,5393,5394,4171,4172,4173,4174,4175,4176,4168,4169,4170,4171,4172,4173,4174,4175,4176,4168,4169,4170,4171,4172,4173,4174,4175,4176,4168,4169,4170,4171,4172,5408,5409,-1,-1,-1,-1,-1,-1,-1,-1,-1,-1,-1,-1,-1,-1,-1,-1,-1,-1,-1,-1,-1,-1,-1,-1,-1,-1,-1,-1,-1,-1,-1,-1,-1,-1,-1,-1,-1,-1,-1,-1,-1,-1,-1,-1,-1,-1,-1,-1,-1,-1,-1,-1,-1,-1,-1,-1,-1,-1,-1,-1,-1,-1,-1,-1,-1,-1,-1,-1,-1,-1,-1,-1,-1,-1,-1,-1,-1,-1,-1,-1,-1,-1,-1,-1,-1,-1,-1,-1,-1,-1,-1,-1,-1,-1,-1,-1,-1,-1,-1,-1,-1,-1,-1,-1,-1,-1,-1,-1,-1,-1,-1,-1,-1,-1,-1,-1,-1,-1,-1,-1,-1,-1,-1,-1,-1,-1,-1,-1,-1,-1
4618,4619,4296,4297,4298,4299,4300,4301,4302,4303,4304,4296,4297,4298,4299,4300,4301,4302,4303,4304,4296,4297,4298,4299,4300,4301,4302,4303,4304,4296,4297,4298,4299,4300,4301,4302,4303,4304,4296,4297,4298,4299,4300,4301,4302,4303,4304,4296,4297,4298,4299,4300,4301,4302,4303,4304,4296,4297,4298,4299,4300,5536,5537,-1,-1,-1,-1,-1,-1,-1,-1,-1,-1,-1,-1,-1,-1,-1,-1,-1,-1,-1,-1,-1,-1,-1,-1,-1,-1,-1,-1,-1,-1,-1,-1,-1,-1,-1,-1,-1,-1,-1,-1,-1,-1,-1,-1,-1,-1,-1,-1,-1,-1,-1,-1,-1,-1,-1,-1,-1,-1,-1,-1,-1,-1,-1,-1,-1,-1,-1,-1,-1,-1,-1,-1,-1,-1,-1,-1,-1,-1,-1,-1,-1,-1,-1,-1,-1,-1,-1,-1,-1,-1,-1,-1,-1,-1,-1,-1,-1,-1,-1,-1,-1,-1,-1,-1,-1,-1,-1,-1,-1,-1,-1,-1,-1,-1,-1,-1,-1,-1,-1,-1,-1,-1,-1,-1,-1,-1,-1,-1,-1,-1
4746,4747,4424,4425,4426,4427,4428,4429,4430,4431,4432,4424,4425,4426,4427,4428,4429,4430,4431,4432,4424,4425,4426,4427,4428,4429,4430,4431,4432,4424,4425,4426,4427,4428,4429,4430,4431,4432,4424,4425,4426,4427,4428,4429,4430,4431,4432,4424,4425,4426,4427,4428,4429,4430,4431,4432,4424,4425,4426,4427,4428,5536,5537,-1,-1,-1,-1,-1,-1,-1,-1,-1,-1,-1,-1,-1,-1,-1,-1,-1,-1,-1,-1,-1,-1,-1,-1,-1,-1,-1,-1,-1,-1,-1,-1,-1,-1,-1,-1,-1,-1,-1,-1,-1,-1,-1,-1,-1,-1,-1,-1,-1,-1,-1,-1,-1,-1,-1,-1,-1,-1,-1,-1,-1,-1,-1,-1,-1,-1,-1,-1,-1,-1,-1,-1,-1,-1,-1,-1,-1,-1,-1,-1,-1,-1,-1,-1,-1,-1,-1,-1,-1,-1,-1,-1,-1,-1,-1,-1,-1,-1,-1,-1,-1,-1,-1,-1,-1,-1,-1,-1,-1,-1,-1,-1,-1,-1,-1,-1,-1,-1,-1,-1,-1,-1,-1,-1,-1,-1,-1,-1,-1,-1
4874,4875,4552,4553,4554,4555,4556,4557,4558,4559,4560,4552,4553,4554,4555,4556,4557,4558,4559,4560,4552,4553,4554,4555,4556,4557,4558,4559,4560,4552,4553,4554,4555,4556,4557,4558,4559,4560,4552,4553,4554,4555,4556,4557,4558,4559,4560,4552,4553,4554,4555,4556,4557,4558,4559,4560,4552,4553,4554,4555,4556,5024,5025,-1,-1,-1,-1,-1,-1,-1,-1,-1,-1,-1,-1,-1,-1,-1,-1,-1,-1,-1,-1,-1,-1,-1,-1,-1,-1,-1,-1,-1,-1,-1,-1,-1,-1,-1,-1,-1,-1,-1,-1,-1,-1,-1,-1,-1,-1,-1,-1,-1,-1,-1,-1,-1,-1,-1,-1,-1,-1,-1,-1,-1,-1,-1,-1,-1,-1,-1,-1,-1,-1,-1,-1,-1,-1,-1,-1,-1,-1,-1,-1,-1,-1,-1,-1,-1,-1,-1,-1,-1,-1,-1,-1,-1,-1,-1,-1,-1,-1,-1,-1,-1,-1,-1,-1,-1,-1,-1,-1,-1,-1,-1,-1,-1,-1,-1,-1,-1,-1,-1,-1,-1,-1,-1,-1,-1,-1,-1,-1,-1,-1
5002,5003,3784,3785,3786,3787,3788,3789,3790,3791,3792,3784,3785,3786,3787,3788,3789,3790,3791,3792,3784,3785,3786,3787,3788,3789,3790,3791,3792,3784,3785,5389,5390,5391,5392,5393,5394,3792,3784,3785,3786,3787,3788,3789,3790,3791,3792,3784,3785,3786,3787,3788,3789,3790,3791,3792,3784,3785,3786,3787,3788,5152,5153,-1,-1,-1,-1,-1,-1,-1,-1,-1,-1,-1,-1,-1,-1,-1,-1,-1,-1,-1,-1,-1,-1,-1,-1,-1,-1,-1,-1,-1,-1,-1,-1,-1,-1,-1,-1,-1,-1,-1,-1,-1,-1,-1,-1,-1,-1,-1,-1,-1,-1,-1,-1,-1,-1,-1,-1,-1,-1,-1,-1,-1,-1,-1,-1,-1,-1,-1,-1,-1,-1,-1,-1,-1,-1,-1,-1,-1,-1,-1,-1,-1,-1,-1,-1,-1,-1,-1,-1,-1,-1,-1,-1,-1,-1,-1,-1,-1,-1,-1,-1,-1,-1,-1,-1,-1,-1,-1,-1,-1,-1,-1,-1,-1,-1,-1,-1,-1,-1,-1,-1,-1,-1,-1,-1,-1,-1,-1,-1,-1,-1
5130,5131,3912,3913,3914,3915,3916,3917,3918,3919,3920,3912,3913,3914,3915,3916,3917,3918,3919,3920,3912,3913,3914,3915,3916,3917,3784,3919,3920,3912,3913,3914,3915,3916,3917,3918,3919,3920,3912,3913,3914,3915,3916,3917,3918,3919,3920,3912,3913,3914,3915,3916,3917,3918,3919,3920,3912,3913,3914,3915,3916,5280,5281,-1,-1,-1,-1,-1,-1,-1,-1,-1,-1,-1,-1,-1,-1,-1,-1,-1,-1,-1,-1,-1,-1,-1,-1,-1,-1,-1,-1,-1,-1,-1,-1,-1,-1,-1,-1,-1,-1,-1,-1,-1,-1,-1,-1,-1,-1,-1,-1,-1,-1,-1,-1,-1,-1,-1,-1,-1,-1,-1,-1,-1,-1,-1,-1,-1,-1,-1,-1,-1,-1,-1,-1,-1,-1,-1,-1,-1,-1,-1,-1,-1,-1,-1,-1,-1,-1,-1,-1,-1,-1,-1,-1,-1,-1,-1,-1,-1,-1,-1,-1,-1,-1,-1,-1,-1,-1,-1,-1,-1,-1,-1,-1,-1,-1,-1,-1,-1,-1,-1,-1,-1,-1,-1,-1,-1,-1,-1,-1,-1,-1
5258,5259,4040,4041,4042,4043,4044,4045,4046,4047,4048,4040,4041,4042,4043,4044,4045,4046,4047,4048,4040,4041,4042,4043,4044,4045,4046,4047,4048,4040,4041,4042,4043,4044,4045,4046,4047,4048,4040,4041,4042,4043,4044,4045,4046,4047,4048,4040,4041,4042,4043,4044,4045,4046,4047,4048,4040,4041,4042,4043,4044,5408,5409,-1,-1,-1,-1,-1,-1,-1,-1,-1,-1,-1,-1,-1,-1,-1,-1,-1,-1,-1,-1,-1,-1,-1,-1,-1,-1,-1,-1,-1,-1,-1,-1,-1,-1,-1,-1,-1,-1,-1,-1,-1,-1,-1,-1,-1,-1,-1,-1,-1,-1,-1,-1,-1,-1,-1,-1,-1,-1,-1,-1,-1,-1,-1,-1,-1,-1,-1,-1,-1,-1,-1,-1,-1,-1,-1,-1,-1,-1,-1,-1,-1,-1,-1,-1,-1,-1,-1,-1,-1,-1,-1,-1,-1,-1,-1,-1,-1,-1,-1,-1,-1,-1,-1,-1,-1,-1,-1,-1,-1,-1,-1,-1,-1,-1,-1,-1,-1,-1,-1,-1,-1,-1,-1,-1,-1,-1,-1,-1,-1,-1
5386,5387,4168,4169,4170,4171,4172,4173,4174,4175,4176,4168,4169,4170,4171,4172,4173,4174,4175,4176,4168,4169,4170,4171,4172,4173,4174,4175,4176,4168,4169,4170,4171,4172,4173,4174,4175,4176,4168,4169,4170,4171,4172,4173,4174,4175,4176,4168,4169,4170,4171,4172,4173,4174,4175,4176,4168,4169,4170,4171,4172,5536,5537,-1,-1,-1,-1,-1,-1,-1,-1,-1,-1,-1,-1,-1,-1,-1,-1,-1,-1,-1,-1,-1,-1,-1,-1,-1,-1,-1,-1,-1,-1,-1,-1,-1,-1,-1,-1,-1,-1,-1,-1,-1,-1,-1,-1,-1,-1,-1,-1,-1,-1,-1,-1,-1,-1,-1,-1,-1,-1,-1,-1,-1,-1,-1,-1,-1,-1,-1,-1,-1,-1,-1,-1,-1,-1,-1,-1,-1,-1,-1,-1,-1,-1,-1,-1,-1,-1,-1,-1,-1,-1,-1,-1,-1,-1,-1,-1,-1,-1,-1,-1,-1,-1,-1,-1,-1,-1,-1,-1,-1,-1,-1,-1,-1,-1,-1,-1,-1,-1,-1,-1,-1,-1,-1,-1,-1,-1,-1,-1,-1,-1
5514,5515,4296,4297,4298,4299,4300,4301,4302,4303,4304,4296,4297,4298,4299,4300,4301,4302,4303,4304,4296,4297,4298,4299,4300,4301,4302,4303,4304,4296,4297,4298,4299,4300,4301,4302,4303,4304,4296,4297,4298,4299,4300,4301,4302,4303,4304,4296,4297,4298,4299,4300,4301,4302,4303,4304,4296,4297,4298,4299,4300,5024,5025,-1,-1,-1,-1,-1,-1,-1,-1,-1,-1,-1,-1,-1,-1,-1,-1,-1,-1,-1,-1,-1,-1,-1,-1,-1,-1,-1,-1,-1,-1,-1,-1,-1,-1,-1,-1,-1,-1,-1,-1,-1,-1,-1,-1,-1,-1,-1,-1,-1,-1,-1,-1,-1,-1,-1,-1,-1,-1,-1,-1,-1,-1,-1,-1,-1,-1,-1,-1,-1,-1,-1,-1,-1,-1,-1,-1,-1,-1,-1,-1,-1,-1,-1,-1,-1,-1,-1,-1,-1,-1,-1,-1,-1,-1,-1,-1,-1,-1,-1,-1,-1,-1,-1,-1,-1,-1,-1,-1,-1,-1,-1,-1,-1,-1,-1,-1,-1,-1,-1,-1,-1,-1,-1,-1,-1,-1,-1,-1,-1,-1
4618,4619,4424,4425,4426,4427,4428,4429,4430,4431,4432,4424,4425,4426,4427,4428,4429,4430,4431,4432,4424,4425,4426,4427,5389,5390,5391,5392,5393,5394,4425,4426,4427,4428,4429,4430,4431,4432,4424,4425,4426,4427,4428,4429,4430,4431,4432,4424,4425,4426,4427,4428,4429,4430,4431,4432,4424,4425,4426,4427,4428,5152,5153,-1,-1,-1,-1,-1,-1,-1,-1,-1,-1,-1,-1,-1,-1,-1,-1,-1,-1,-1,-1,-1,-1,-1,-1,-1,-1,-1,-1,-1,-1,-1,-1,-1,-1,-1,-1,-1,-1,-1,-1,-1,-1,-1,-1,-1,-1,-1,-1,-1,-1,-1,-1,-1,-1,-1,-1,-1,-1,-1,-1,-1,-1,-1,-1,-1,-1,-1,-1,-1,-1,-1,-1,-1,-1,-1,-1,-1,-1,-1,-1,-1,-1,-1,-1,-1,-1,-1,-1,-1,-1,-1,-1,-1,-1,-1,-1,-1,-1,-1,-1,-1,-1,-1,-1,-1,-1,-1,-1,-1,-1,-1,-1,-1,-1,-1,-1,-1,-1,-1,-1,-1,-1,-1,-1,-1,-1,-1,-1,-1,-1
4746,4747,4552,4553,4554,4555,4556,4557,4558,4559,4560,4552,4553,4554,4555,4556,4557,4558,4559,4560,4552,4553,4554,4555,4556,4557,4558,4559,4560,4552,4553,4554,4555,4556,4557,4558,4559,4560,4552,4553,4554,4555,4556,4557,4558,4559,4560,4552,4553,4554,4555,4556,4557,4558,4559,4560,4552,4553,4554,4555,4556,5280,5281,-1,-1,-1,-1,-1,-1,-1,-1,-1,-1,-1,-1,-1,-1,-1,-1,-1,-1,-1,-1,-1,-1,-1,-1,-1,-1,-1,-1,-1,-1,-1,-1,-1,-1,-1,-1,-1,-1,-1,-1,-1,-1,-1,-1,-1,-1,-1,-1,-1,-1,-1,-1,-1,-1,-1,-1,-1,-1,-1,-1,-1,-1,-1,-1,-1,-1,-1,-1,-1,-1,-1,-1,-1,-1,-1,-1,-1,-1,-1,-1,-1,-1,-1,-1,-1,-1,-1,-1,-1,-1,-1,-1,-1,-1,-1,-1,-1,-1,-1,-1,-1,-1,-1,-1,-1,-1,-1,-1,-1,-1,-1,-1,-1,-1,-1,-1,-1,-1,-1,-1,-1,-1,-1,-1,-1,-1,-1,-1,-1,-1
4874,4875,3784,3785,3786,3787,3788,3789,3790,3791,3792,3784,3785,3786,3787,3788,3789,3790,3791,3792,3784,3785,3786,3787,3788,3789,3790,3791,3792,3784,3785,3786,3787,3788,3789,3790,3791,3792,3784,3785,3786,3787,3788,3789,3790,3791,3792,3784,3785,3786,3787,3788,3789,3790,3791,3792,3784,3785,3786,3787,3788,5408,5409,-1,-1,-1,-1,-1,-1,-1,-1,-1,-1,-1,-1,-1,-1,-1,-1,-1,-1,-1,-1,-1,-1,-1,-1,-1,-1,-1,-1,-1,-1,-1,-1,-1,-1,-1,-1,-1,-1,-1,-1,-1,-1,-1,-1,-1,-1,-1,-1,-1,-1,-1,-1,-1,-1,-1,-1,-1,-1,-1,-1,-1,-1,-1,-1,-1,-1,-1,-1,-1,-1,-1,-1,-1,-1,-1,-1,-1,-1,-1,-1,-1,-1,-1,-1,-1,-1,-1,-1,-1,-1,-1,-1,-1,-1,-1,-1,-1,-1,-1,-1,-1,-1,-1,-1,-1,-1,-1,-1,-1,-1,-1,-1,-1,-1,-1,-1,-1,-1,-1,-1,-1,-1,-1,-1,-1,-1,-1,-1,-1,-1
5002,5003,3912,3913,3914,3915,3916,3917,3918,3919,3920,3912,3913,3914,3915,3916,3917,3918,3919,3920,3912,3913,3914,3915,3916,3917,3918,3919,3920,3912,3913,3914,3915,3916,3917,3918,3919,3920,3912,3913,3914,3915,3916,3917,3918,3919,3920,3912,3913,3914,3915,3916,3917,3918,3919,3920,3912,3913,3914,3915,3916,5536,5537,-1,-1,-1,-1,-1,-1,-1,-1,-1,-1,-1,-1,-1,-1,-1,-1,-1,-1,-1,-1,-1,-1,-1,-1,-1,-1,-1,-1,-1,-1,-1,-1,-1,-1,-1,-1,-1,-1,-1,-1,-1,-1,-1,-1,-1,-1,-1,-1,-1,-1,-1,-1,-1,-1,-1,-1,-1,-1,-1,-1,-1,-1,-1,-1,-1,-1,-1,-1,-1,-1,-1,-1,-1,-1,-1,-1,-1,-1,-1,-1,-1,-1,-1,-1,-1,-1,-1,-1,-1,-1,-1,-1,-1,-1,-1,-1,-1,-1,-1,-1,-1,-1,-1,-1,-1,-1,-1,-1,-1,-1,-1,-1,-1,-1,-1,-1,-1,-1,-1,-1,-1,-1,-1,-1,-1,-1,-1,-1,-1,-1
5130,5131,4040,4041,4042,4043,4044,4045,4046,4047,4048,4040,4041,4042,4043,4044,4045,4046,4047,4048,4040,4041,4042,4043,4044,4045,4046,4047,4048,4040,4041,4042,4043,4044,4045,4046,4047,4048,4040,4041,4042,4043,4044,4045,4046,4047,4048,4040,4041,4042,4043,4044,4045,4046,4047,4048,4040,4041,4042,4043,4044,4896,4897,-1,-1,-1,-1,-1,-1,-1,-1,-1,-1,-1,-1,-1,-1,-1,-1,-1,-1,-1,-1,-1,-1,-1,-1,-1,-1,-1,-1,-1,-1,-1,-1,-1,-1,-1,-1,-1,-1,-1,-1,-1,-1,-1,-1,-1,-1,-1,-1,-1,-1,-1,-1,-1,-1,-1,-1,-1,-1,-1,-1,-1,-1,-1,-1,-1,-1,-1,-1,-1,-1,-1,-1,-1,-1,-1,-1,-1,-1,-1,-1,-1,-1,-1,-1,-1,-1,-1,-1,-1,-1,-1,-1,-1,-1,-1,-1,-1,-1,-1,-1,-1,-1,-1,-1,-1,-1,-1,-1,-1,-1,-1,-1,-1,-1,-1,-1,-1,-1,-1,-1,-1,-1,-1,-1,-1,-1,-1,-1,-1,-1
5258,5259,4168,4169,4170,4171,4172,4173,4174,4175,4176,4168,4169,4170,4171,5389,5390,5391,5392,5393,5394,4169,4170,4171,4172,4173,4174,4175,4176,4168,4169,4170,4171,4172,4173,4174,4175,4176,4168,4169,4170,4171,4172,4173,4174,4175,4176,4168,4169,4170,4171,4172,4173,4174,4175,4176,4168,4169,4170,4171,4172,5024,5025,-1,-1,-1,-1,-1,-1,-1,-1,-1,-1,-1,-1,-1,-1,-1,-1,-1,-1,-1,-1,-1,-1,-1,-1,-1,-1,-1,-1,-1,-1,-1,-1,-1,-1,-1,-1,-1,-1,-1,-1,-1,-1,-1,-1,-1,-1,-1,-1,-1,-1,-1,-1,-1,-1,-1,-1,-1,-1,-1,-1,-1,-1,-1,-1,-1,-1,-1,-1,-1,-1,-1,-1,-1,-1,-1,-1,-1,-1,-1,-1,-1,-1,-1,-1,-1,-1,-1,-1,-1,-1,-1,-1,-1,-1,-1,-1,-1,-1,-1,-1,-1,-1,-1,-1,-1,-1,-1,-1,-1,-1,-1,-1,-1,-1,-1,-1,-1,-1,-1,-1,-1,-1,-1,-1,-1,-1,-1,-1,-1,-1
5386,5387,4296,4297,4298,4299,4300,4301,4302,4303,4304,4296,4297,4298,4299,4300,4301,4302,4303,4304,4296,4297,4298,4299,4300,4301,4302,4303,4304,4296,4297,4298,4299,4300,4301,4302,4303,4304,4296,4297,4298,4299,4300,4301,4302,4303,4304,4296,4297,4298,4299,4300,4301,4302,4303,4304,4296,4297,4298,4299,4300,5152,5153,-1,-1,-1,-1,-1,-1,-1,-1,-1,-1,-1,-1,-1,-1,-1,-1,-1,-1,-1,-1,-1,-1,-1,-1,-1,-1,-1,-1,-1,-1,-1,-1,-1,-1,-1,-1,-1,-1,-1,-1,-1,-1,-1,-1,-1,-1,-1,-1,-1,-1,-1,-1,-1,-1,-1,-1,-1,-1,-1,-1,-1,-1,-1,-1,-1,-1,-1,-1,-1,-1,-1,-1,-1,-1,-1,-1,-1,-1,-1,-1,-1,-1,-1,-1,-1,-1,-1,-1,-1,-1,-1,-1,-1,-1,-1,-1,-1,-1,-1,-1,-1,-1,-1,-1,-1,-1,-1,-1,-1,-1,-1,-1,-1,-1,-1,-1,-1,-1,-1,-1,-1,-1,-1,-1,-1,-1,-1,-1,-1,-1
5514,5515,4424,4425,4426,4427,4428,4429,4430,4431,4432,4424,4425,4426,4427,4428,4429,4430,4431,4432,4424,4425,4426,4427,4428,4429,4430,4431,4432,4424,4425,4426,4427,4428,4429,4430,4431,4432,4424,4425,4426,4427,4428,4429,4430,4431,4432,4424,4425,4426,4427,4428,4429,4430,4431,4432,4424,4425,4426,4427,4428,5280,5281,-1,-1,-1,-1,-1,-1,-1,-1,-1,-1,-1,-1,-1,-1,-1,-1,-1,-1,-1,-1,-1,-1,-1,-1,-1,-1,-1,-1,-1,-1,-1,-1,-1,-1,-1,-1,-1,-1,-1,-1,-1,-1,-1,-1,-1,-1,-1,-1,-1,-1,-1,-1,-1,-1,-1,-1,-1,-1,-1,-1,-1,-1,-1,-1,-1,-1,-1,-1,-1,-1,-1,-1,-1,-1,-1,-1,-1,-1,-1,-1,-1,-1,-1,-1,-1,-1,-1,-1,-1,-1,-1,-1,-1,-1,-1,-1,-1,-1,-1,-1,-1,-1,-1,-1,-1,-1,-1,-1,-1,-1,-1,-1,-1,-1,-1,-1,-1,-1,-1,-1,-1,-1,-1,-1,-1,-1,-1,-1,-1,-1
5770,5771,4552,4553,4554,4555,4556,4557,4558,4559,4560,4552,4553,4554,4555,4556,4557,4558,4559,4560,4552,4553,4554,4555,4556,4557,4558,4559,4560,4552,4553,4554,4555,4556,4557,4558,4559,4560,4552,4553,4554,4555,4556,4557,4558,4559,4560,4552,4553,4554,4555,4556,4557,4558,4559,4560,4552,4553,4554,4555,4556,5408,5409,-1,-1,-1,-1,-1,-1,-1,-1,-1,-1,-1,-1,-1,-1,-1,-1,-1,-1,-1,-1,-1,-1,-1,-1,-1,-1,-1,-1,-1,-1,-1,-1,-1,-1,-1,-1,-1,-1,-1,-1,-1,-1,-1,-1,-1,-1,-1,-1,-1,-1,-1,-1,-1,-1,-1,-1,-1,-1,-1,-1,-1,-1,-1,-1,-1,-1,-1,-1,-1,-1,-1,-1,-1,-1,-1,-1,-1,-1,-1,-1,-1,-1,-1,-1,-1,-1,-1,-1,-1,-1,-1,-1,-1,-1,-1,-1,-1,-1,-1,-1,-1,-1,-1,-1,-1,-1,-1,-1,-1,-1,-1,-1,-1,-1,-1,-1,-1,-1,-1,-1,-1,-1,-1,-1,-1,-1,-1,-1,-1,-1
5898,5899,5391,5392,5393,5394,5395,5396,5397,5398,5399,5392,5393,5394,5395,5396,5397,5398,5399,5393,5394,5395,5396,5397,5389,5390,5391,5392,5393,5394,5395,5396,5397,5389,5390,5391,5392,5393,5394,5395,5396,5397,5398,5389,5390,5391,5392,5393,5394,5395,5396,5397,5389,5390,5391,5392,5393,5394,5395,5396,5397,5536,5537,-1,-1,-1,-1,-1,-1,-1,-1,-1,-1,-1,-1,-1,-1,-1,-1,-1,-1,-1,-1,-1,-1,-1,-1,-1,-1,-1,-1,-1,-1,-1,-1,-1,-1,-1,-1,-1,-1,-1,-1,-1,-1,-1,-1,-1,-1,-1,-1,-1,-1,-1,-1,-1,-1,-1,-1,-1,-1,-1,-1,-1,-1,-1,-1,-1,-1,-1,-1,-1,-1,-1,-1,-1,-1,-1,-1,-1,-1,-1,-1,-1,-1,-1,-1,-1,-1,-1,-1,-1,-1,-1,-1,-1,-1,-1,-1,-1,-1,-1,-1,-1,-1,-1,-1,-1,-1,-1,-1,-1,-1,-1,-1,-1,-1,-1,-1,-1,-1,-1,-1,-1,-1,-1,-1,-1,-1,-1,-1,-1,-1
5517,5518,5519,5520,5521,5522,5523,5524,5525,5526,5527,5520,5521,5522,5523,5524,5525,5526,5527,5521,5522,5523,5524,5525,5517,5518,5519,5520,5521,5522,5523,5524,5525,5517,5518,5519,5520,5521,5522,5523,5524,5525,5526,5517,5518,5519,5520,5521,5522,5523,5524,5525,5517,5518,5519,5520,5521,5522,5523,5524,5525,5526,5527,-1,-1,-1,-1,-1,-1,-1,-1,-1,-1,-1,-1,-1,-1,-1,-1,-1,-1,-1,-1,-1,-1,-1,-1,-1,-1,-1,-1,-1,-1,-1,-1,-1,-1,-1,-1,-1,-1,-1,-1,-1,-1,-1,-1,-1,-1,-1,-1,-1,-1,-1,-1,-1,-1,-1,-1,-1,-1,-1,-1,-1,-1,-1,-1,-1,-1,-1,-1,-1,-1,-1,-1,-1,-1,-1,-1,-1,-1,-1,-1,-1,-1,-1,-1,-1,-1,-1,-1,-1,-1,-1,-1,-1,-1,-1,-1,-1,-1,-1,-1,-1,-1,-1,-1,-1,-1,-1,-1,-1,-1,-1,-1,-1,-1,-1,-1,-1,-1,-1,-1,-1,-1,-1,-1,-1,-1,-1,-1,-1,-1
